Rank,Ticker,Sector,Industry,Relative Strength,Percentile,1M_RS_Percentile,3M_RS_Percentile,6M_RS_Percentile,Price,MarketCap,PctFrom52WkHigh,AvgVol10,AvgVol30,AvgVol50
1,ARIHANT,Real Estate,Real Estate - Development,1564.33,99,99,99,61,929.9,11098213317.49884,-15.46,1860,2855,4026
2,BATLIBOI,Industrials,Specialty Industrial Machinery,441.78,99,99,99,99,94.8,4010550885.610962,-2.72,59476,47401,83749
3,CUPID,Consumer Defensive,Household & Personal Products,415.84,99,99,99,99,343.95,286990923352.4109,52.19,26771724,20554753,24985283
4,MOREPENLAB,Healthcare,Drug Manufacturers - Specialty & Generic,322.39,99,99,89,46,146.97,29479908588.144505,127.58,17478558,20054589,25361865
5,INDSWFTLAB,Healthcare,Drug Manufacturers - Specialty & Generic,301.57,99,99,98,94,391.1,19782885307.114105,57.42,466005,685453,1246650
6,WELCORP,Basic Materials,Steel,271.91,99,99,98,95,2704.6,421108809061.2842,59.21,1764323,2092572,2165299
7,SHILPAMED,Healthcare,Drug Manufacturers - Specialty & Generic,268.95,99,99,97,86,1071.2,118561699246.67334,64.8,685109,1024805,1963156
8,BIRLACABLE,Technology,Communication Equipment,257.33,99,99,80,72,385.05,10732500000.0,2.26,385790,447283,333582
9,SETL,Industrials,Specialty Industrial Machinery,253.3,99,99,98,37,429.8,55066698517.38306,40.78,547943,910653,965969
10,YASHO,Basic Materials,Specialty Chemicals,253.24,99,98,98,62,4337.6,37024343040.0,32.94,29347,31978,66050
11,RAYMOND,Industrials,Specialty Industrial Machinery,252.1,99,94,85,16,1206.7,39158863625.190796,71.67,2560846,4881958,3150793
12,NOVARTIND,Healthcare,Drug Manufacturers - Specialty & Generic,245.05,99,99,99,96,2010.4,40522534830.79468,12.94,47495,179791,114224
13,CYIENTDLM,Industrials,Aerospace & Defense,244.81,99,99,88,30,988.3,53209860267.00366,34.47,405785,630160,626207
14,MENONBE,Consumer Cyclical,Auto Parts,234.62,99,99,93,74,301.45,16299234000.000002,-8.65,111294,90078,83446
15,AEROFLEX,Industrials,Metal Fabrication,233.33,99,99,98,98,563.85,55691404520.48291,8.04,1082916,1309528,1364017
16,OMNI,Industrials,Specialty Industrial Machinery,230.81,99,98,99,99,657.55,75683604240.0,4.76,943361,849813,1528543
17,SHREEJISPG,Industrials,Marine Shipping,229.88,99,98,98,91,802.1,101954241364.45178,27.52,857653,1043186,1046774
18,MARINE,Industrials,Electrical Equipment & Parts,229.43,99,98,84,75,476.4,33803106104.862213,59.92,1974062,1970845,1702789
19,FILATEX,Consumer Cyclical,Textile Manufacturing,227.37,99,91,92,40,111.63,32784830639.34517,43.96,3599480,5396380,5025046
20,WHEELS,Consumer Cyclical,Auto Parts,226.68,99,99,95,94,2283.9,35225072207.381836,26.32,186476,631760,414476
21,BHAGERIA,Basic Materials,Specialty Chemicals,225.87,99,96,80,53,377.55,15773006385.617065,10.39,309026,243062,157336
22,FCL,Basic Materials,Specialty Chemicals,225.84,98,98,96,49,57.8,46102590808.688736,22.51,25368178,23575335,19654475
23,AVADHSUGAR,Consumer Defensive,Confectioners,223.63,98,98,81,85,937.55,10684831675.0,66.82,246217,163757,366842
24,SKYGOLD,Consumer Cyclical,Luxury Goods,221.83,98,99,97,91,876.95,101241059861.35034,28.31,1194593,934180,1116568
25,KSHINTL,Industrials,Electrical Equipment & Parts,221.58,98,99,99,98,1072.3,60197552492.09595,15.3,224045,277490,336263
26,TFCILTD,Financial Services,Credit Services,221.24,98,98,83,93,152.24,40404022180.61615,72.61,16399294,11159497,13328301
27,RATNAVEER,Basic Materials,Steel,220.43,98,97,79,58,336.45,12757519537.005386,70.79,4773965,6245929,7830048
28,IOLCP,Healthcare,Drug Manufacturers - Specialty & Generic,219.27,98,98,98,86,220.22,43800175400.50995,22.62,2978177,4151585,4098571
29,SALSTEEL,Basic Materials,Steel,217.83,98,99,97,99,86.44,8351590724.193192,31.97,907057,688610,667535
30,CPPLUS,Industrials,Building Products & Equipment,216.7,98,98,99,98,4064.9,417591397040.1636,5.14,212870,254659,256617
31,INDORAMA,Consumer Cyclical,Textile Manufacturing,216.32,98,98,76,22,95.99,12645709982.61541,27.99,1112218,2217937,1568369
32,STLNETWORK,Communication Services,Telecom Services,216.05,98,87,47,94,49.43,12763937378.852839,39.63,13415882,7892638,5099229
33,RPTECH,Technology,Electronics & Computer Distribution,215.75,98,98,98,95,939.7,51391852921.221436,15.61,429551,387114,542831
34,SHADOWFAX,Industrials,Integrated Freight & Logistics,215.29,98,96,96,95,292.85,125539377479.24423,21.2,4423295,3926243,6575484
35,MANINDS,Basic Materials,Steel,215.28,98,95,86,97,905.75,39556295435.561646,45.22,878788,1608837,1430930
36,AHCL,Healthcare,Drug Manufacturers - Specialty & Generic,213.68,98,75,80,89,28.18,7978040271.654129,63.13,31071748,38549936,24645001
37,SBCL,Industrials,Metal Fabrication,212.87,98,99,92,83,1099.3,43531494643.17627,35.05,164164,294818,652559
38,RPEL,Basic Materials,Chemicals,212.67,98,97,97,58,1820.9,59845482997.717285,32.74,91363,118876,111789
39,ROSSTECH,Industrials,Aerospace & Defense,211.61,98,91,93,99,1622.4,37208331129.282715,44.6,217432,402783,367673
40,LOKESHMACH,Industrials,Specialty Industrial Machinery,208.76,98,95,92,97,465.45,7525334842.5,29.92,367175,164620,106006
41,SBC,Industrials,Conglomerates,208.67,98,95,96,97,61.77,20033313154.678345,37.27,20792624,12722748,11541044
42,ANTELOPUS,Energy,Oil & Gas E&P,208.31,98,98,94,81,1130.2,31450971542.328003,21.05,1280365,3044853,1885459
43,TDPOWERSYS,Industrials,Specialty Industrial Machinery,207.52,97,97,96,99,821.1,173975975833.82935,-40.48,3834095,2693926,3201236
44,GCSL,Financial Services,Capital Markets,207.5,97,94,96,75,689.7,12021493257.0,28.17,331682,628909,637545
45,SANSERA,Consumer Cyclical,Auto Parts,207.47,97,98,98,98,4261.7,198736639962.55078,23.26,326178,272573,269322
46,AVALON,Technology,Electronic Components,207.26,97,98,96,83,2429.7,116352671332.5,31.12,482709,612715,616186
47,MACPOWER,Industrials,Specialty Industrial Machinery,206.15,97,98,87,91,2062.9,13450593120.0,40.33,55783,60371,65814
48,RUBYMILLS,n/a,n/a,204.96,97,97,96,79,509.8,15282080000.0,18.7,24820,31299,22962
49,SAKAR,Healthcare,Drug Manufacturers - Specialty & Generic,204.44,97,99,99,99,1020.1,17608218069.943237,6.26,108697,176056,151678
50,PREMIERPOL,Basic Materials,Specialty Chemicals,204.13,97,96,90,74,101.23,8306078587.148666,18.47,1540517,926517,853339
51,SEDEMAC,Consumer Cyclical,Auto Parts,199.04,97,94,97,83,3425.6,118775238843.38379,15.04,376373,224716,203751
52,SSWL,Consumer Cyclical,Auto Parts,198.81,97,95,80,69,424.2,45351781040.91156,43.31,1670910,2333086,1657805
53,SOTL,Basic Materials,Specialty Chemicals,198.37,97,94,95,53,803.8,44272887986.25,20.58,508999,963341,841822
54,MMP,Basic Materials,Aluminum,197.69,97,97,63,50,498.8,7155916392.190491,55.88,80915,108164,119919
55,UNIMECH,Industrials,Aerospace & Defense,197.28,97,93,81,52,1854.5,62986132330.524536,40.17,252295,286001,284275
56,GANDHAR,Energy,Oil & Gas Refining & Marketing,196.84,97,97,90,48,299.2,27647051207.427063,-1.31,643385,744869,1297079
57,KMEW,Industrials,Marine Shipping,196.57,97,98,98,97,3214.0,59785381201.171875,26.54,160652,127732,118081
58,UNIVCABLES,Industrials,Electrical Equipment & Parts,195.75,97,96,94,90,1633.1,42841858152.9104,17.4,117685,130639,182142
59,DPABHUSHAN,Consumer Cyclical,Luxury Goods,195.12,97,79,57,9,2262.7,30316620270.64453,30.82,444053,162943,112616
60,RAMRAT,Industrials,Electrical Equipment & Parts,194.53,97,92,82,92,637.4,38655851284.95752,22.58,401408,503161,423092
61,VINDHYATEL,Industrials,Engineering & Construction,194.43,97,97,89,55,2810.1,22350727618.0,13.09,54942,84872,95072
62,RUBICON,Healthcare,Drug Manufacturers - General,193.71,97,99,98,95,1575.6,250973038843.66113,1.0,207263,239883,326499
63,RAJPALAYAM,n/a,n/a,192.18,96,97,99,61,743.8,,-14.99,1668,1438,1463
64,PAISALO,Financial Services,Credit Services,191.51,96,97,98,93,84.23,63821148233.19571,8.84,12279987,16097331,13257229
65,KOVAI,Healthcare,Medical Care Facilities,191.47,96,97,99,61,5919.5,63957521390.0,-6.63,4261,4669,5102
66,CHENNPETRO,Energy,Oil & Gas Refining & Marketing,191.41,96,95,90,95,1612.3,180897575991.06445,19.08,3401387,2323989,2496020
67,CONFIPET,Energy,Oil & Gas Refining & Marketing,190.53,96,97,95,91,91.75,26014474680.8192,13.88,2095229,3341172,3567366
68,EMIL,Consumer Cyclical,Specialty Retail,190.39,96,94,74,44,211.54,49878829270.84799,25.54,5923878,3886853,8320112
69,SYRMA,Technology,Electronic Components,190.07,96,96,97,96,1746.7,248158767274.61646,15.09,1397989,2254264,2019690
70,KAPSTON,Industrials,Specialty Business Services,189.27,96,97,93,87,545.45,14020107540.286621,16.3,364043,169586,138109
71,LAURUSLABS,Healthcare,Drug Manufacturers - Specialty & Generic,188.26,96,96,95,90,2052.8,865047605920.2258,27.5,1414126,2738651,2396669
72,SAYAJIHOTL,Consumer Cyclical,Lodging,188.17,96,97,99,61,309.0,5248386016.121246,-6.36,55,156,278
73,DEEDEV,Industrials,Metal Fabrication,188.15,96,98,99,98,624.1,46889218680.05017,-17.88,133553,238263,209383
74,ZIMLAB,n/a,n/a,187.94,96,93,93,54,146.61,6181457653.84729,9.49,171427,155135,117316
75,SYNCOMF,Healthcare,Drug Manufacturers - Specialty & Generic,187.82,96,87,39,38,24.94,12304600143.432617,31.75,55900115,27592567,19649739
76,IBULLSLTD,Real Estate,Real Estate - Development,187.15,96,90,98,82,32.49,62925403381.05731,-0.03,14556792,16287008,14277182
77,DEEPINDS,Energy,Oil & Gas E&P,186.81,96,96,57,77,795.6,30694400390.625,37.65,285277,429041,579127
78,EBGNG,Technology,Computer Hardware,186.68,96,96,96,85,731.35,65254488971.4657,6.07,659832,849113,778537
79,PRECWIRE,Industrials,Electrical Equipment & Parts,186.1,96,95,93,99,516.6,68095970687.5,10.5,647785,978678,933441
80,PVP,Industrials,Conglomerates,185.62,96,99,56,83,52.85,7111624389.039431,34.1,1793624,2246808,2621230
81,APARINDS,Industrials,Electrical Equipment & Parts,185.33,96,94,93,98,18160.0,557979949915.0,5.85,105046,122375,145647
82,ATHERENERG,Consumer Cyclical,Auto Manufacturers,184.35,96,98,99,99,1455.0,476379241743.90015,8.18,3274502,4781122,4611795
83,BLUSPRING,Industrials,Specialty Business Services,182.95,96,97,96,30,142.71,16202390777.965393,8.26,439268,437924,517462
84,WELSPUNLIV,Consumer Cyclical,Textile Manufacturing,182.81,95,94,87,70,235.86,152514092268.0,34.8,5519506,4737619,6958829
85,SICAGEN,Basic Materials,Steel,182.11,95,97,99,61,51.53,2003514403.1871185,-16.21,9204,18144,87812
86,VALIANTORG,Basic Materials,Chemicals,181.92,95,80,30,34,479.85,11857238641.71936,11.89,217491,124478,91541
87,NRBBEARING,Consumer Cyclical,Auto Parts,181.88,95,92,94,83,529.95,38541271298.4314,13.33,460815,798133,713440
88,INDOBORAX,Basic Materials,Chemicals,181.39,95,98,98,78,480.9,13352649195.861816,-3.63,993672,430325,537603
89,PANAMAPET,Energy,Oil & Gas Refining & Marketing,179.96,95,93,93,32,537.0,30140935203.5,3.57,346129,277721,650803
90,SUBEXLTD,n/a,n/a,179.45,95,96,79,11,19.15,7829008205.385548,31.34,16194273,12173085,9993805
91,FINCABLES,Industrials,Electrical Equipment & Parts,179.31,95,91,78,81,1483.5,152771115454.37073,23.22,558622,1023660,1424344
92,GRWRHITECH,Basic Materials,Specialty Chemicals,179.13,95,95,98,90,6903.5,160373215782.0,-3.92,69737,65675,71402
93,OAL,Basic Materials,Specialty Chemicals,178.09,95,96,70,52,515.6,12552783848.0,32.73,36559,121393,81619
94,INDOTECH,Industrials,Electrical Equipment & Parts,177.33,95,98,98,87,3323.3,39561623481.44531,-16.43,19107,16538,20734
95,AEGISLOG,Energy,Oil & Gas Refining & Marketing,177.23,95,95,97,51,1460.2,473709591430.66406,1.79,737641,872256,976137
96,GLOBAL,Consumer Defensive,Education & Training Services,177.18,95,88,87,97,144.79,5191443876.262665,18.78,293398,229590,174827
97,RRKABEL,Industrials,Electrical Equipment & Parts,177.04,95,92,96,82,2722.5,282039898313.4595,6.81,363277,530701,477255
98,UTLSOLAR,Technology,Solar,176.91,95,97,96,88,431.75,117788892509.2406,7.28,273581,257734,351899
99,SUNFLAG,Basic Materials,Steel,176.82,95,72,85,79,474.4,62842523717.54443,10.84,1363799,578832,442773
100,SHANTIGOLD,Consumer Cyclical,Luxury Goods,176.8,95,77,52,48,341.05,15233163355.957031,24.43,6758317,3839670,3176537
101,SUDEEPPHRM,Healthcare,Drug Manufacturers - Specialty & Generic,176.65,95,96,81,58,1170.4,93199560676.28479,30.78,152454,227078,291453
102,AEQUS,Industrials,Aerospace & Defense,176.45,95,90,93,92,288.15,150112210568.2113,5.01,7895041,4088835,3790250
103,OPTIEMUS,Technology,Electronics & Computer Distribution,176.37,95,73,76,23,861.9,53552209433.66327,20.88,1960443,1437030,992510
104,JGCHEM,Basic Materials,Other Industrial Metals & Mining,176.23,95,92,71,70,654.95,19802677176.222748,23.11,630257,609657,767290
105,GKSL,Healthcare,Medical Care Facilities,175.99,94,92,83,75,187.12,10107704409.389496,26.14,4855437,2074035,1542062
106,AETHER,Basic Materials,Specialty Chemicals,175.61,94,95,95,94,1787.6,189447202240.0,16.19,523005,308797,342400
107,KENNAMET,Industrials,Tools & Accessories,175.47,94,96,76,61,4180.9,61163241949.6875,22.96,28526,37475,48472
108,GMMPFAUDLR,Industrials,Specialty Industrial Machinery,175.32,94,89,9,25,1438.0,36327684304.40576,1.41,263187,452946,464761
109,DOLPHIN,Energy,Oil & Gas Equipment & Services,174.11,94,96,44,60,652.9,15079726919.337158,30.07,55123,71930,97819
110,MARKSANS,Healthcare,Drug Manufacturers - General,173.44,94,94,93,43,325.45,111614232022.746,15.57,2331630,2278445,3692716
111,KRISHANA,Basic Materials,Agricultural Inputs,172.48,94,93,84,96,191.38,50095813843.41431,16.73,799020,686801,907976
112,KOPRAN,Healthcare,Drug Manufacturers - General,172.31,94,92,85,56,276.5,10518053425.563583,26.26,562073,1753633,1105676
113,MBAPL,Basic Materials,Agricultural Inputs,172.28,94,96,90,93,168.02,64953469275.0,12.54,792273,879070,866057
114,SPORTKING,Consumer Cyclical,Textile Manufacturing,171.72,94,96,97,96,201.71,27202812117.178116,-6.39,214029,285395,646501
115,IRISDOREME,Consumer Cyclical,Apparel Manufacturing,171.61,94,97,86,63,59.26,8163548710.6515045,21.19,340669,857018,1129644
116,AZAD,Industrials,Specialty Industrial Machinery,171.32,94,93,90,89,3048.2,157514871177.0,20.48,1615543,777217,737328
117,VENUSPIPES,Basic Materials,Steel,171.16,94,93,88,70,2238.5,35219458105.235596,19.39,144847,279627,213357
118,PGIL,Consumer Cyclical,Apparel Manufacturing,171.14,94,91,89,82,1273.1,91190539016.5,-40.63,187715,214063,289556
119,SHIVAUM,Basic Materials,Steel,170.16,94,90,86,84,551.4,5321156500.0,16.33,25726,67489,50909
120,MAWANASUG,Consumer Defensive,Confectioners,170.12,94,92,82,85,151.66,4473404590.915039,22.55,578520,376897,469838
121,ATLANTAELE,Industrials,Electrical Equipment & Parts,170.02,94,95,97,97,1875.8,122250258179.71802,-12.86,196943,139854,146336
122,TATVA,Basic Materials,Specialty Chemicals,169.99,94,89,78,88,1991.2,40290476103.09509,11.55,100191,73706,69151
123,GLAND,Healthcare,Drug Manufacturers - Specialty & Generic,169.69,94,94,89,71,3150.6,392571059278.272,22.42,437245,535343,683999
124,PNGSREVA,Consumer Cyclical,Luxury Goods,169.21,94,84,56,45,631.0,12867965866.94336,32.35,617195,306847,467508
125,NINSYS,Technology,Information Technology Services,169.1,93,93,98,78,829.75,13572554853.515625,-11.26,7586,4714,5154
126,COMSYN,Consumer Cyclical,Packaging & Containers,168.55,93,97,86,90,260.85,7201354156.347656,16.14,750332,603314,959297
127,SGMART,Industrials,Industrial Distribution,168.44,93,96,95,97,752.25,89932415421.48438,4.77,217777,264298,292864
128,LLOYDSENGG,Industrials,Specialty Industrial Machinery,167.62,93,88,93,66,101.1,126022666466.72656,6.31,20843679,10606066,11278822
129,ASIANENE,Energy,Oil & Gas Equipment & Services,166.95,93,95,81,77,480.15,17283953747.75647,22.49,203091,409813,545203
130,UNIPARTS,Industrials,Farm & Heavy Construction Machinery,166.9,93,96,94,92,812.3,31097251888.5,12.4,85743,153842,190532
131,QPOWER,Industrials,Electrical Equipment & Parts,166.57,93,94,87,99,1615.0,95976476911.4502,12.07,278543,332017,290630
132,NEOGEN,Basic Materials,Specialty Chemicals,166.51,93,91,94,80,2431.3,56482918464.1958,2.41,126689,178354,198286
133,BLSE,Industrials,Specialty Business Services,166.24,93,94,95,68,158.2,25593459682.61029,-45.01,545308,647773,830653
134,REDINGTON,Technology,Information Technology Services,166.0,93,93,71,27,406.5,202518656807.4051,29.29,3608444,5674025,8222676
135,NITINSPIN,Consumer Cyclical,Textile Manufacturing,166.0,93,94,94,86,615.6,30088944686.279297,6.05,59902,105226,202791
136,AKUMS,Healthcare,Drug Manufacturers - Specialty & Generic,165.98,93,90,90,82,822.55,105227042594.4784,15.09,149558,283294,337441
137,SMLMAH,Consumer Cyclical,Auto Manufacturers,165.75,93,95,73,90,6095.0,55634794469.15332,13.97,44785,88709,172480
138,HAPPYFORGE,Industrials,Metal Fabrication,165.67,93,98,93,94,1934.3,152468844777.0,18.2,95996,85746,110345
139,UNITEDPOLY,n/a,n/a,165.45,93,86,70,92,48.1,8811099904.914856,-5.98,614291,342553,242633
140,KILITCH,Healthcare,Drug Manufacturers - Specialty & Generic,164.99,93,62,74,8,256.25,9114480161.576904,3.2,133800,59234,50596
141,ICIL,Consumer Cyclical,Textile Manufacturing,164.89,93,93,93,61,471.1,79905025890.65552,1.57,438545,620821,1147492
142,JINDWORLD,Consumer Cyclical,Textile Manufacturing,163.87,93,97,51,6,44.83,37928435495.81909,7.66,3721424,26459935,20168202
143,KIRLOSENG,Industrials,Specialty Industrial Machinery,163.77,93,95,99,98,2230.8,317567495385.0,-17.99,994406,627411,560112
144,SONACOMS,Consumer Cyclical,Auto Parts,163.09,93,93,90,91,810.5,447065417828.3834,9.28,2531576,2036331,2208004
145,WSTCSTPAPR,Basic Materials,Paper & Paper Products,162.93,93,90,72,77,732.3,36561372217.138916,26.01,172001,269262,289324
146,KRN,Technology,Electronic Components,162.72,92,95,90,96,1484.2,84290889225.98486,5.64,197761,226772,219441
147,NGLFINE,Healthcare,Drug Manufacturers - General,162.6,92,88,98,98,3134.2,19803655932.0,-5.85,11918,11288,13345
148,CENTUM,Technology,Electronic Components,162.38,92,89,92,91,4345.9,52976145425.17456,10.98,108121,114263,92005
149,ARROWGREEN,Consumer Cyclical,Packaging & Containers,162.09,92,94,82,65,893.35,12651990225.72107,8.42,42869,50320,42609
150,ELANTAS,Basic Materials,Specialty Chemicals,162.03,92,89,56,97,14022.0,73457901412.0,27.88,2137,4263,4967
151,GVPIL,Industrials,Engineering & Construction,161.77,92,86,99,98,698.15,53829036850.34784,-35.6,197810,188773,219595
152,BLUESTONE,Consumer Cyclical,Luxury Goods,161.52,92,94,75,66,831.1,117718887822.46509,-4.42,1578315,1387001,2573822
153,SMCGLOBAL,Financial Services,Capital Markets,161.48,92,73,72,41,110.24,15801323808.288574,16.16,19049654,8207804,5154905
154,SAILIFE,Healthcare,Diagnostics & Research,161.45,92,95,92,86,1561.8,261738407119.38135,20.14,379715,724726,648993
155,CNL,Technology,Electronics & Computer Distribution,161.18,92,96,93,38,1079.0,14821458225.0,2.86,11674,25398,64069
156,PARAS,Industrials,Aerospace & Defense,161.06,92,97,96,88,1286.1,96317972881.07178,-10.87,515004,799918,1156099
157,YUKEN,Industrials,Specialty Industrial Machinery,160.95,92,85,27,26,1216.5,9620868000.0,7.75,39102,32223,27554
158,DYNAMATECH,Consumer Cyclical,Auto Parts,160.73,92,80,77,94,13723.0,71024910894.0,6.59,33228,23442,22568
159,VIDYAWIRES,Industrials,Electrical Equipment & Parts,160.71,92,87,95,95,100.62,18831777056.505623,-14.26,1785584,1188797,1068527
160,NRAIL,Basic Materials,Paper & Paper Products,160.16,92,88,57,89,660.9,8661871152.752686,24.46,20159,35186,29090
161,KINGFA,Basic Materials,Specialty Chemicals,159.99,92,88,77,89,6932.5,70629797772.0,21.64,13120,13976,18216
162,GTECJAINX,Consumer Defensive,Education & Training Services,159.7,92,68,75,15,35.69,298642456.9384346,-6.94,16181,9848,9904
163,MANALIPETC,Basic Materials,Specialty Chemicals,159.03,92,88,60,35,90.48,11484387942.94001,16.6,5151157,8939585,5978826
164,DIVISLAB,Healthcare,Drug Manufacturers - Specialty & Generic,158.99,92,91,73,59,9588.0,1924249002130.0,28.9,456410,479055,489018
165,KTKBANK,Financial Services,Banks - Regional,158.98,92,91,89,93,326.45,105777387507.87415,14.58,1389467,1859229,2649452
166,GHCLTEXTIL,Consumer Cyclical,Textile Manufacturing,158.93,91,95,87,81,130.04,11070745705.349533,9.06,447599,624928,946868
167,ENTERO,Healthcare,Medical Distribution,158.74,91,96,59,73,1713.3,53515968268.625,23.26,132180,344970,305294
168,ONEPOINT,Industrials,Specialty Business Services,158.41,91,67,63,66,78.77,14169596306.738338,19.62,4861313,3332473,2525661
169,PTCIL,Industrials,Metal Fabrication,157.62,91,87,68,66,24685.0,265847878868.0,24.35,24887,33832,35799
170,ACUTAAS,Basic Materials,Specialty Chemicals,157.08,91,92,99,98,3174.2,266858922159.0,-15.13,321387,311781,308227
171,DIVGIITTS,Consumer Cyclical,Auto Parts,156.9,91,95,91,93,1092.9,28919215024.54651,2.62,134969,135749,196130
172,KDDL,Consumer Cyclical,Luxury Goods,156.73,91,93,86,55,3997.2,38560702055.44922,17.01,29874,31485,53913
173,ADOR,Industrials,Specialty Industrial Machinery,156.64,91,93,85,66,1552.1,25998065753.373413,-2.81,28275,44290,44595
174,ACMESOLAR,Utilities,Utilities - Renewable,156.63,91,89,92,91,436.15,258396729829.96088,9.41,1226911,2254913,2248146
175,BHEL,Industrials,Specialty Industrial Machinery,156.58,91,91,94,93,448.5,1453064995535.8438,0.45,9305465,7533809,7392308
176,VSSL,Basic Materials,Steel,156.54,91,86,71,63,393.75,28643132107.5,20.84,98457,423220,355954
177,QUADFUTURE,Industrials,Railroads,155.57,91,80,80,18,534.4,14441999511.71875,6.37,658239,1152704,1519846
178,RSL,Basic Materials,Steel,155.37,91,94,68,81,174.51,11091099804.491302,20.43,587664,541862,654609
179,STEELCAS,Basic Materials,Steel,155.35,91,87,81,96,373.3,31032979382.32422,8.52,283357,200455,181662
180,ENGINERSIN,Industrials,Engineering & Construction,155.0,91,82,60,89,308.3,126577566596.80785,15.47,6457886,7230418,5392584
181,INOXINDIA,Industrials,Specialty Industrial Machinery,154.95,91,94,94,94,2082.0,181890054000.0,-1.78,279237,475625,343258
182,BIL,Consumer Cyclical,Footwear & Accessories,154.93,91,80,44,87,1072.9,9788259316.302612,9.48,14300,23291,18399
183,SENORES,Healthcare,Drug Manufacturers - General,154.93,91,95,98,91,1389.6,63899353350.0,-7.96,253935,227573,229716
184,MWL,Basic Materials,Steel,154.92,91,86,95,93,42.04,10692242640.0,0.21,743265,1531109,1521898
185,CPCAP,Financial Services,Credit Services,154.68,91,84,50,4,155.22,2139475100.928833,-7.6,76860,61533,54850
186,RML,Consumer Cyclical,Auto Parts,154.62,91,95,94,56,1336.4,31241020339.53479,0.94,59779,158437,122646
187,MCX,Financial Services,Financial Data & Stock Exchanges,154.4,90,91,88,97,3362.6,694823465700.0,-3.37,1905272,1822754,2236404
188,DBOL,Consumer Defensive,Farm Products,154.22,90,82,81,95,140.25,6716356912.174988,7.28,383511,264303,318118
189,OMAXAUTO,Consumer Cyclical,Auto Parts,154.17,90,84,99,78,206.85,4318901161.819946,-21.47,88300,75816,82512
190,JAYKAY,Industrials,Specialty Business Services,154.14,90,45,44,24,263.45,21518212297.685486,19.91,2226588,1600583,1100564
191,AAREYDRUGS,Healthcare,Drug Manufacturers - Specialty & Generic,153.98,90,85,64,92,108.81,2426561302.6582794,8.81,240482,248912,202191
192,TMB,Financial Services,Banks - Regional,153.8,90,93,95,95,877.35,127393744743.0,3.58,165465,167357,174228
193,APCOTEXIND,Basic Materials,Specialty Chemicals,153.32,90,90,91,80,592.7,29087614175.126953,2.23,65174,116606,215684
194,ORIENTBELL,Industrials,Building Products & Equipment,153.13,90,89,66,74,432.55,4699997082.0,18.83,30057,42210,38146
195,BALAMINES,Basic Materials,Specialty Chemicals,152.84,90,94,97,34,2155.9,70455974500.0,-11.77,444621,290424,258790
196,KAMDHENU,Basic Materials,Steel,152.83,90,91,84,31,38.08,11974389710.964203,-7.24,784718,949005,816903
197,IGPL,Basic Materials,Chemicals,152.8,90,87,59,69,586.25,13905414141.586304,17.54,71164,96617,106419
198,RGL,Consumer Cyclical,Luxury Goods,152.72,90,84,59,27,168.47,12684597255.359604,13.91,496760,1349982,1990918
199,MUKANDLTD,Basic Materials,Steel,152.03,90,63,65,85,185.92,19998185037.269073,20.53,1007874,475554,353159
200,UFLEX,Consumer Cyclical,Packaging & Containers,151.41,90,91,41,13,643.15,34553196051.0,6.48,122528,268037,424142
201,SGFIN,Financial Services,Capital Markets,151.31,90,92,93,93,663.7,45866213945.617676,-8.28,607355,304142,288878
202,GNA,Consumer Cyclical,Auto Parts,151.14,90,93,94,94,583.65,21765915600.0,-2.99,1146055,703026,618432
203,AYMSYNTEX,Consumer Cyclical,Textile Manufacturing,151.07,90,95,82,64,277.5,13772557321.225998,-1.32,85866,175644,125297
204,BALRAMCHIN,Consumer Defensive,Confectioners,150.94,90,86,78,78,706.6,128904691508.9408,10.07,1472747,3273726,3758019
205,INNOVACAP,Healthcare,Drug Manufacturers - Specialty & Generic,150.87,90,89,86,43,1166.2,54389434466.5965,12.69,152739,128439,111641
206,LENSKART,Healthcare,Medical Instruments & Supplies,150.78,90,92,79,91,681.3,962507636109.8887,21.01,3560919,10839609,9577626
207,WELENT,Industrials,Engineering & Construction,150.7,90,92,86,68,740.75,81205547772.55798,16.67,282248,700612,702308
208,ARFIN,Basic Materials,Aluminum,150.63,89,86,90,99,103.06,15520780758.749893,-2.96,2862795,1785356,1642043
209,SAMBHV,Basic Materials,Steel,150.6,89,79,65,84,158.32,34158311510.1205,12.03,3712943,5415257,4048214
210,RAIN,Basic Materials,Specialty Chemicals,150.14,89,93,94,49,218.95,75755135844.14622,-3.46,2853515,3732031,4663846
211,ARVIND,Consumer Cyclical,Textile Manufacturing,149.84,89,92,96,88,529.3,138200021407.94678,-11.78,440274,598363,698814
212,QUESS,Industrials,Staffing & Employment Services,149.78,89,94,89,21,328.4,44120898482.97983,5.78,432078,525998,1031524
213,AXISCADES,Industrials,Engineering & Construction,149.46,89,76,55,97,2245.6,68389830312.0,1.56,377090,264026,219135
214,WOCKPHARMA,Healthcare,Drug Manufacturers - Specialty & Generic,149.01,89,90,86,59,2150.4,300480510980.61206,-11.22,721332,1180428,960389
215,NAVINFLUOR,Basic Materials,Chemicals,148.64,89,89,89,86,8490.0,385776142880.0,6.98,96037,119460,212911
216,TCPLPACK,Consumer Cyclical,Packaging & Containers,148.59,89,89,53,15,4031.5,29299539982.5,6.23,7246,7979,21029
217,PARKHOSPS,Healthcare,Medical Care Facilities,148.57,89,90,96,96,272.8,121048624916.25,-10.56,663833,578469,613068
218,RISHABH,Technology,Scientific & Technical Instruments,148.53,89,96,96,97,674.2,24038432312.562317,-2.68,123905,221061,288523
219,GAYAPROJ,Industrials,Engineering & Construction,148.2,89,95,97,99,21.05,10042786980.344772,-19.04,699523,1064946,833800
220,CLEANMAX,Utilities,Utilities - Renewable,148.18,89,88,91,83,1388.5,170572651458.97827,-9.6,2186008,927068,618917
221,BBOX,Technology,Software - Application,148.12,89,78,96,76,884.85,138252103300.20905,-19.78,874027,641461,569424
222,RBA,Consumer Cyclical,Restaurants,148.12,89,90,56,30,96.08,46375603654.31232,9.62,2463891,2950246,11157227
223,UEL,Technology,Solar,148.05,89,93,45,97,177.64,16005070171.527603,-19.25,15034,23610,31990
224,DHAMPURSUG,Consumer Defensive,Confectioners,147.95,89,83,61,81,188.92,9139240745.083374,12.96,1110439,868588,1166357
225,MPSLTD,Communication Services,Publishing,147.76,89,91,49,17,2697.1,47017132921.21655,-3.68,13486,13953,27027
226,KROSS,Consumer Cyclical,Auto Parts,147.54,89,73,47,66,263.9,13297327471.847412,11.07,731843,1277875,920366
227,ASTRAMICRO,Technology,Communication Equipment,147.25,88,92,96,87,1701.1,172173279825.19336,-9.08,293591,296145,430524
228,MANORAMA,Consumer Defensive,Packaged Foods,147.25,88,91,74,77,1996.0,100080549345.0,13.41,181745,219298,523009
229,STYLAMIND,Consumer Cyclical,"Furnishings, Fixtures & Appliances",146.92,88,88,95,82,3351.6,57944609992.86328,-19.24,40168,38839,40938
230,BOSCH-HCIL,Consumer Cyclical,"Furnishings, Fixtures & Appliances",146.58,88,81,27,25,1948.1,36240011522.87988,9.1,79020,52316,62380
231,VARROC,Consumer Cyclical,Auto Parts,146.24,88,90,77,58,823.75,98211772571.25,18.58,209800,341608,674873
232,ROLEXRINGS,Industrials,Metal Fabrication,146.14,88,84,74,84,183.67,38028596710.581055,4.36,2734341,1855664,4154894
233,AMAGI,Technology,Software - Application,145.61,88,91,96,74,561.45,131761231202.34375,-17.17,347977,375312,835136
234,MEESHO,Consumer Cyclical,Internet Retail,145.56,88,85,74,72,236.52,856200005219.0581,-7.03,17661656,21626117,18299753
235,PAYTM,Technology,Software - Infrastructure,145.52,88,92,79,68,1732.0,822126294735.7781,23.1,3036188,3673209,4318158
236,NILKAMAL,Consumer Cyclical,"Furnishings, Fixtures & Appliances",145.22,88,93,39,30,1831.7,25095064960.06543,-1.17,18661,24145,76973
237,SOMANYCERA,Industrials,Building Products & Equipment,145.17,88,79,76,66,621.15,20371061240.844604,11.81,102522,116437,191769
238,NAZARA,Communication Services,Electronic Gaming & Multimedia,145.15,88,88,67,64,378.45,111991572232.92188,4.18,1720320,1700103,2263108
239,SAHYADRI,Industrials,Building Products & Equipment,145.06,88,90,69,46,352.1,3078646875.0,4.05,7250,14093,24591
240,MMFL,Industrials,Metal Fabrication,144.78,88,92,87,93,566.05,26644199781.25,0.36,67569,96723,153456
241,VADILALIND,Consumer Defensive,Packaged Foods,144.73,88,88,91,38,7247.0,48233933215.0,3.57,7791,15806,26438
242,PASUPTAC,Consumer Cyclical,Textile Manufacturing,144.56,88,80,82,59,70.5,6282102667.293968,-10.7,205426,206522,154269
243,APOLLO,Industrials,Aerospace & Defense,144.45,88,91,95,96,414.75,146521683045.47314,-11.09,5194643,6632743,5824697
244,ASKAUTOLTD,Consumer Cyclical,Auto Parts,144.2,88,87,54,45,626.55,100404723773.47412,8.31,292972,295307,900104
245,PLAZACABLE,Industrials,Electrical Equipment & Parts,144.19,88,82,44,27,58.2,2131601293.5682983,-10.46,67018,121895,100168
246,GRAPHITE,Industrials,Electrical Equipment & Parts,144.01,88,88,55,92,834.05,131438930863.5,3.94,1320026,3102237,2414824
247,SHREEPUSHK,Basic Materials,Specialty Chemicals,143.91,88,89,73,70,517.5,12509835960.723602,8.72,61124,106379,89589
248,RADICO,Consumer Defensive,Beverages - Wineries & Distilleries,143.86,88,88,89,83,4495.0,548162191479.5093,7.2,314747,263858,295338
249,DMCC,Basic Materials,Chemicals,143.76,87,68,42,74,356.05,6802366725.75,1.73,475885,213857,188548
250,SUVEN,Healthcare,Drug Manufacturers - Specialty & Generic,143.57,87,96,97,89,305.55,89289808776.0,-17.64,455637,544793,668309
251,THELEELA,Consumer Cyclical,Lodging,143.27,87,83,74,54,602.45,158529808763.23425,17.9,505732,438886,567302
252,HONASA,Consumer Defensive,Household & Personal Products,143.04,87,91,94,90,477.05,146254465287.4939,-2.91,5382148,2320286,2234495
253,ALIVUS,Healthcare,Drug Manufacturers - Specialty & Generic,142.94,87,90,78,78,1370.2,135160674144.46289,14.77,104769,173760,174221
254,JNKINDIA,Industrials,Specialty Industrial Machinery,142.82,87,88,97,91,444.75,26348698231.984406,-20.3,188150,127096,216062
255,PRABHA,Energy,Oil & Gas E&P,142.4,87,89,11,18,225.82,20499670359.00093,-18.77,96145,657366,670729
256,CARBORUNIV,Industrials,Conglomerates,142.36,87,74,77,71,1256.7,202742243480.04053,-3.84,662864,480920,389468
257,AEROPLANE,Consumer Defensive,Farm Products,142.29,87,81,66,11,218.44,19451123899.822876,10.49,794138,802838,701588
258,ORCHPHARMA,Healthcare,Drug Manufacturers - Specialty & Generic,142.22,87,85,97,8,1023.95,50140905964.7406,-8.56,89369,107483,98698
259,TALBROAUTO,Consumer Cyclical,Auto Parts,142.2,87,86,91,61,417.05,24182002762.5,-4.13,200496,301811,270927
260,PVRINOX,Communication Services,Entertainment,142.19,87,71,54,55,1343.8,104479844774.97998,7.53,897418,757337,623923
261,POWERICA,Industrials,Specialty Industrial Machinery,142.05,87,83,91,83,600.95,71913104105.25,-11.23,216752,173559,181583
262,GNFC,Basic Materials,Chemicals,141.96,87,77,56,59,618.2,73918508789.44049,0.36,862507,1060750,906028
263,SHAREINDIA,Financial Services,Capital Markets,141.77,87,85,77,43,207.27,41920408384.82605,-1.77,1143114,6101444,3825347
264,BEPL,Basic Materials,Chemicals,141.71,87,89,69,74,127.61,30313448405.0354,-7.86,862543,1403157,1497220
265,POWERINDIA,Industrials,Electrical Equipment & Parts,141.7,87,82,95,99,31610.0,1384863318410.0,-18.5,107393,92185,106442
266,SMSPHARMA,Healthcare,Drug Manufacturers - General,141.66,87,75,83,97,468.85,35690789204.60663,4.7,447888,1125697,753936
267,RACLGEAR,Consumer Cyclical,Auto Parts,141.57,87,85,74,94,1589.5,15534627682.5,-6.05,31536,89379,78268
268,RKFORGE,Industrials,Metal Fabrication,141.55,87,78,52,50,716.4,105786131095.65509,13.35,591177,651925,959785
269,APOLLOPIPE,Industrials,Building Products & Equipment,141.48,87,90,88,92,531.45,21533659710.67505,-4.07,161652,203867,378741
270,SHAILY,Basic Materials,Specialty Chemicals,141.27,86,88,91,57,3085.3,136592085739.73828,-4.6,83485,140918,161818
271,AVTNPL,Basic Materials,Specialty Chemicals,141.19,86,85,67,64,88.75,10662925168.792725,5.91,404884,489209,465782
272,SEAMECLTD,Industrials,Marine Shipping,141.17,86,90,86,98,1610.9,35625221786.60156,-5.75,44757,67844,94633
273,AEROENTER,Basic Materials,Steel,141.06,86,94,90,69,129.01,14405803005.349731,-13.73,390765,876465,794354
274,JYOTICNC,Industrials,Specialty Industrial Machinery,141.04,86,82,40,13,1071.0,180812729698.63916,1.43,594002,1086696,1280866
275,YATHARTH,Healthcare,Medical Care Facilities,140.94,86,84,79,85,1032.7,80822033475.39935,16.05,390304,724165,601662
276,JINDALSAW,Basic Materials,Steel,140.8,86,92,82,90,281.9,162816550244.6303,1.06,1055925,1845590,2080919
277,GALAPREC,Industrials,Specialty Industrial Machinery,140.78,86,83,92,58,1161.4,14691210685.791016,-7.83,63578,38714,45999
278,DALMIASUG,Consumer Defensive,Confectioners,140.58,86,87,59,86,447.65,29295981708.8786,6.84,453681,315548,732639
279,SHIVALIK,n/a,n/a,140.49,86,66,1,2,365.05,5003861959.489929,-26.4,78748,112750,80426
280,NEULANDLAB,Healthcare,Drug Manufacturers - Specialty & Generic,140.38,86,93,87,68,21655.0,237943121394.0,7.8,54158,45748,73341
281,JTLIND,Basic Materials,Steel,140.27,86,83,69,59,88.2,28553449363.282013,1.15,2859387,3934245,3360720
282,MSTCLTD,Industrials,Conglomerates,139.99,86,93,88,39,698.75,42746880859.375,-6.07,206256,284416,319921
283,SCHNEIDER,Industrials,Electrical Equipment & Parts,139.9,86,80,95,97,1256.2,323412111903.49915,-18.85,293620,259625,366426
284,EIMCOELECO,Industrials,Farm & Heavy Construction Machinery,139.79,86,87,35,49,2247.3,10320794160.340576,-11.99,32265,28750,37647
285,AUSOMENT,Financial Services,Capital Markets,139.7,86,89,67,83,141.68,1933863164.8242188,-20.4,4853,6579,6216
286,DIFFNKG,Industrials,Specialty Industrial Machinery,139.5,86,87,83,61,452.85,14677866722.250702,3.82,163382,540462,423296
287,SOLARINDS,Basic Materials,Specialty Chemicals,139.48,86,91,84,81,20050.0,1673523077170.0,4.5,158436,225702,191724
288,KANPRPLA,Consumer Cyclical,Packaging & Containers,139.44,86,84,53,86,250.96,5415969457.5,1.6,17315,22278,52664
289,AARTIPHARM,Healthcare,Drug Manufacturers - Specialty & Generic,139.39,86,73,41,25,953.35,61100056892.46869,-0.07,611591,700066,961389
290,TARSONS,Healthcare,Medical Instruments & Supplies,139.26,85,89,79,10,341.7,16640264382.75,-10.57,131283,319983,538773
291,KWIL,Consumer Defensive,Packaged Foods,138.62,85,84,74,51,38.06,75186920416.0,-3.52,6951578,11570362,23582806
292,GESHIP,Industrials,Marine Shipping,138.52,85,71,80,95,1567.9,205288524919.68787,-12.8,1014445,906808,1045846
293,VIJAYA,Healthcare,Diagnostics & Research,138.49,85,86,90,70,1462.4,135328700253.09265,1.56,98407,134421,175703
294,MOTHERSON,Consumer Cyclical,Auto Parts,138.44,85,85,85,90,159.2,1532820737810.8171,2.54,13150849,11447857,15219252
295,OMAXE,Real Estate,Real Estate - Development,138.19,85,94,78,58,107.01,16099135208.002075,4.26,463900,4446513,4002805
296,BUILDPRO,Consumer Cyclical,Home Improvement Retail,138.19,85,89,91,96,260.4,29977015617.15088,-80.92,410079,393546,434071
297,SANGAMIND,Consumer Cyclical,Textile Manufacturing,138.17,85,82,91,71,624.05,30367572149.742188,-7.2,90396,45784,37903
298,ACE,Industrials,Farm & Heavy Construction Machinery,137.93,85,74,58,44,1249.9,123717589693.1543,6.83,245799,312124,349373
299,GSPCROP,Basic Materials,Agricultural Inputs,137.92,85,93,75,81,482.8,24678196875.0,-13.47,260722,412720,363343
300,KHAITANLTD,Industrials,Industrial Distribution,137.79,85,90,76,71,150.76,780200444.9554749,-0.13,2585,4577,7671
301,SHANTIGEAR,Industrials,Specialty Industrial Machinery,137.71,85,91,34,67,586.05,32230929780.0,-2.15,76380,272266,481148
302,ALICON,Industrials,Metal Fabrication,137.66,85,39,18,37,901.4,10395947735.151367,-11.8,232750,97061,84516
303,STYLEBAAZA,Consumer Cyclical,Apparel Retail,137.35,85,81,50,89,379.9,26373504682.156372,-11.03,1434060,1179165,1317432
304,INDNIPPON,Consumer Cyclical,Auto Parts,137.16,85,85,93,67,1231.4,27100465952.0,-3.66,63251,202295,134372
305,INDOAMIN,Basic Materials,Chemicals,137.06,85,53,48,26,157.97,9978611873.2,3.49,1189461,429117,281703
306,TNPETRO,Basic Materials,Specialty Chemicals,137.05,85,90,48,53,125.78,8547290030.0,-3.16,1387838,2733825,1909616
307,CAPLIPOINT,Healthcare,Drug Manufacturers - Specialty & Generic,137.03,85,84,92,37,2649.1,187528462624.6172,-1.85,230513,256221,191406
308,JASH,Industrials,Specialty Industrial Machinery,136.99,85,67,79,26,586.15,31955800960.0,-0.97,349573,776678,507798
309,ARTEMISMED,,,136.76,85,87,75,34,318.3,,6.99,2482300,1089456,882845
310,UTTAMSUGAR,Consumer Defensive,Confectioners,136.75,85,77,36,62,308.3,8713035151.254272,3.11,523049,332480,424007
311,CRAFTSMAN,Consumer Cyclical,Auto Parts,136.55,84,92,87,88,10198.0,242817755972.0,2.62,36581,56526,51805
312,PARAGMILK,Consumer Defensive,Packaged Foods,136.5,84,56,39,47,311.8,27098128667.726578,-17.28,2302579,2071814,1651124
313,FOSECOIND,Basic Materials,Chemicals,136.42,84,70,63,62,6373.0,38236818056.0,-6.91,11488,32012,23053
314,SOFTTECH,Technology,Software - Application,136.4,84,79,81,31,458.05,5856608672.285706,-6.5,5804,7310,6172
315,MAXESTATES,Real Estate,Real Estate - Development,136.22,84,81,60,34,550.5,63304215683.49335,6.37,219930,223709,230412
316,DATAPATTNS,Industrials,Aerospace & Defense,136.06,84,91,92,97,4233.4,256658505880.5,-14.58,260599,500053,679425
317,HATSUN,Consumer Defensive,Packaged Foods,135.84,84,83,52,72,1148.1,197544296037.60986,-2.62,24811,97991,85012
318,JAMNAAUTO,Consumer Cyclical,Auto Parts,135.67,84,60,77,89,151.77,53066027128.05534,-0.54,4654677,2871212,2808736
319,PCJEWELLER,Consumer Cyclical,Luxury Goods,135.63,84,87,39,15,13.14,90113760861.40744,-18.39,246041624,320787539,287232144
320,WABAG,Industrials,Engineering & Construction,135.61,84,91,94,78,1998.3,127406508139.47266,-11.32,414356,617528,602082
321,AUROPHARMA,Healthcare,Drug Manufacturers - Specialty & Generic,135.58,84,86,85,88,1682.0,881478935140.0,2.76,788025,785247,868903
322,LALPATHLAB,Healthcare,Diagnostics & Research,135.57,84,80,81,61,1945.1,293747291867.5884,7.88,357081,302101,314376
323,KAMATHOTEL,Consumer Cyclical,Lodging,135.5,84,65,22,3,262.89,4985374993.913208,-20.29,109698,100007,98602
324,VISHNU,Basic Materials,Specialty Chemicals,135.29,84,86,79,87,683.4,42570187245.03955,2.0,87648,137708,128582
325,MAYURUNIQ,Consumer Cyclical,Textile Manufacturing,135.26,84,78,94,82,762.85,34268894050.854492,-15.89,101909,107497,114490
326,HSCL,Basic Materials,Specialty Chemicals,135.07,84,81,92,77,672.95,398375814781.263,-17.88,1305659,3200757,4591758
327,SHRIPISTON,Consumer Cyclical,Auto Parts,135.04,84,88,90,95,4411.6,183242862715.75928,-2.46,109629,78075,76355
328,HIRECT,Industrials,Electrical Equipment & Parts,134.96,84,90,89,93,1113.9,44749218793.26599,-20.38,32494,47337,75156
329,THANGAMAYL,Consumer Cyclical,Luxury Goods,134.95,84,92,99,98,4803.0,214667978036.5,-32.97,66842,88054,164142
330,PONNIERODE,Consumer Defensive,Confectioners,134.68,84,81,71,70,365.4,2717100088.0,1.78,54201,40385,65350
331,PAUSHAKLTD,Basic Materials,Specialty Chemicals,134.66,83,92,61,30,697.55,13868280455.387695,10.19,33494,38017,86404
332,VOLTAMP,Industrials,Electrical Equipment & Parts,134.5,83,82,68,95,10512.0,92875161600.0,-18.28,11170,20228,42455
333,RBLBANK,Financial Services,Banks - Regional,134.24,83,83,83,84,412.0,546486120394.0519,7.75,3460431,3734761,3467754
334,DYCL,Industrials,Electrical Equipment & Parts,134.19,83,87,62,67,441.05,19499755635.431946,-15.18,310213,947388,788751
335,DCMSIL,Industrials,Industrial Distribution,134.15,83,74,91,92,79.22,6460039843.935356,-24.75,149800,110912,98287
336,BAJAJCON,Consumer Defensive,Household & Personal Products,134.11,83,92,97,99,483.0,71813951291.33807,-30.2,388230,745634,702486
337,ADFFOODS,Consumer Defensive,Packaged Foods,134.1,83,76,91,73,291.7,33733615503.641663,-15.92,141589,113152,155085
338,MAHESHWARI,Industrials,Integrated Freight & Logistics,134.04,83,81,92,55,71.2,2041792374.7352142,-7.3,8845,9757,13567
339,FLUOROCHEM,Basic Materials,Specialty Chemicals,133.81,83,86,81,41,4555.9,502420966455.0781,-1.94,86536,118299,165814
340,ABDL,Consumer Defensive,Beverages - Wineries & Distilleries,133.76,83,62,80,90,694.25,173630076233.25,-2.45,1579339,842798,657117
341,ARVEE,Basic Materials,Specialty Chemicals,133.72,83,69,35,50,211.79,1693333240.3564453,-27.16,18703,25794,18610
342,BELRISE,Consumer Cyclical,Auto Parts,133.67,83,79,91,98,246.31,220762091718.21582,-2.26,2503599,2833240,3819766
343,ORBTEXP,Consumer Cyclical,Textile Manufacturing,133.65,83,82,83,29,242.9,5819657959.5,-12.82,27037,10817,17220
344,MANOMAY,Consumer Cyclical,Textile Manufacturing,133.5,83,75,31,81,236.9,3658117477.6071167,-8.84,271436,212986,174660
345,CEMPRO,Industrials,Engineering & Construction,133.26,83,93,99,43,1137.8,247545908544.0,-31.01,176763,222741,322512
346,RSWM,Consumer Cyclical,Textile Manufacturing,133.17,83,85,88,75,203.83,10899329390.114136,-14.36,48726,60545,63117
347,DELTACORP,Consumer Cyclical,Resorts & Casinos,133.04,83,15,35,32,82.37,16866901849.474895,-16.63,37748360,14014570,8810845
348,SUDARSCHEM,Basic Materials,Specialty Chemicals,132.93,83,80,62,15,1226.6,82875470881.88867,-23.48,218709,301065,425707
349,CORONA,Healthcare,Drug Manufacturers - General,132.82,83,85,90,83,2041.1,,-4.1,25602,44263,44170
350,IPCALAB,Healthcare,Drug Manufacturers - Specialty & Generic,132.81,83,84,86,70,1938.5,447204412680.6987,-0.33,220726,221185,415601
351,LUMAXTECH,Consumer Cyclical,Auto Parts,132.7,83,87,58,98,1849.2,99905567317.01294,-2.57,130099,152141,286433
352,TI,Consumer Defensive,Beverages - Wineries & Distilleries,132.68,82,74,59,90,551.55,109200067467.77802,0.34,852975,774535,1052406
353,MAHABANK,Financial Services,Banks - Regional,132.66,82,81,84,94,84.15,623246688209.3948,-10.95,13147075,14386530,13763990
354,AJANTPHARM,Healthcare,Drug Manufacturers - Specialty & Generic,132.56,82,79,86,75,3569.8,420970585068.0,-0.81,102303,84450,95056
355,MANCREDIT,Financial Services,Credit Services,132.46,82,71,88,60,240.56,4540140383.806091,-9.22,119732,125654,192780
356,RAYMONDREL,Real Estate,Real Estate - Development,132.32,82,64,88,10,701.8,43561238348.6546,-4.5,3718181,2063152,1371527
357,SATIN,Financial Services,Credit Services,132.08,82,81,96,80,223.79,29572478131.479126,-17.39,931349,436674,452649
358,PITTIENG,Industrials,Metal Fabrication,131.97,82,83,67,77,1118.4,33984495693.410645,8.03,61306,155326,154380
359,MVGJL,Consumer Cyclical,Luxury Goods,131.95,82,83,26,43,212.39,7608477141.832993,-5.18,287475,612656,393687
360,MARALOVER,Consumer Cyclical,Textile Manufacturing,131.92,82,83,70,33,58.48,2206150263.3361816,-11.11,13646,32442,28196
361,GALAXYSURF,Basic Materials,Specialty Chemicals,131.82,82,70,47,23,2434.0,71137972385.0,-11.49,70807,47027,65961
362,HESTERBIO,Healthcare,Drug Manufacturers - Specialty & Generic,131.82,82,85,95,40,2167.2,20139151370.251465,-18.53,2371,6595,15245
363,AYE,Financial Services,Credit Services,131.81,82,88,89,64,167.63,42070239318.3349,-15.03,892393,1629853,1231108
364,PARACABLES,Technology,Communication Equipment,131.8,82,91,95,35,57.49,20171040915.988876,-24.06,1279537,1795222,1747216
365,ANTHEM,Healthcare,Biotechnology,131.78,82,84,62,76,887.05,432463507598.61707,1.55,394749,805788,768805
366,WINDLAS,Healthcare,Drug Manufacturers - Specialty & Generic,131.77,82,88,49,59,1022.0,17704852922.457092,-6.91,70121,146185,175648
367,KESORAMIND,Basic Materials,Building Materials,131.71,82,87,92,99,10.81,3423513566.2599998,-24.19,570455,440706,472267
368,STOVEKRAFT,Consumer Cyclical,"Furnishings, Fixtures & Appliances",131.56,82,87,88,37,817.35,25605202869.684204,-1.29,86329,125053,221609
369,RPGLIFE,Healthcare,Drug Manufacturers - Specialty & Generic,131.49,82,82,83,28,2892.8,48575087055.0,-6.14,59508,31555,25483
370,COCKERILL,Industrials,Metal Fabrication,131.32,82,81,97,61,7856.0,,-27.74,2913,5653,9836
371,BIMETAL,Consumer Cyclical,Auto Parts,131.24,82,75,94,61,640.65,2552805093.383789,-14.67,345,570,555
372,LLOYDSME,Basic Materials,Steel,131.24,82,80,86,91,1844.5,1091876889919.5,-5.41,426215,368632,436006
373,KERNEX,Technology,Software - Application,131.22,81,85,98,64,1767.5,37055346413.910645,-27.71,143016,193089,330875
374,GRANULES,Healthcare,Drug Manufacturers - Specialty & Generic,131.18,81,89,94,89,845.3,206551120474.68524,-7.11,643530,1210558,952978
375,SOLARA,Healthcare,Drug Manufacturers - Specialty & Generic,131.16,81,75,60,26,683.7,23734626192.340576,-3.97,236373,480760,512814
376,PLASTIBLEN,Basic Materials,Specialty Chemicals,131.14,81,72,78,28,205.09,4908060578.625488,-5.18,61169,34850,44328
377,KIRIINDUS,Basic Materials,Specialty Chemicals,131.03,81,78,15,6,556.25,26428881604.492188,-28.59,551044,1240296,1144385
378,CENTENKA,Consumer Cyclical,Textile Manufacturing,131.03,81,80,80,46,569.9,12546608470.530823,-8.38,24997,423775,284317
379,CEIGALL,Industrials,Engineering & Construction,130.94,81,81,85,85,372.8,58724459706.36209,-8.11,207931,455662,464927
380,VETO,Industrials,Electrical Equipment & Parts,130.6,81,57,78,54,138.49,2748348350.3463135,-10.04,115189,82387,59980
381,SUNDRMFAST,Consumer Cyclical,Auto Parts,130.59,81,87,63,32,1127.0,197646740632.51282,5.13,155412,214553,231822
382,MIDHANI,Basic Materials,Steel,130.52,81,80,69,75,458.7,73568420286.86523,0.86,996226,2322414,2129623
383,GUFICBIO,Healthcare,Drug Manufacturers - Specialty & Generic,130.44,81,85,82,31,422.55,37992028010.17584,-5.68,95218,112434,111254
384,URBANCO,Technology,Software - Application,130.34,81,83,38,60,168.23,189732547013.28204,-16.38,5477777,6917763,11616111
385,CGCL,Financial Services,Credit Services,130.14,81,88,92,68,250.74,229213934256.49478,-5.21,2327135,5449173,4897222
386,NPST,Technology,Software - Application,129.99,81,70,60,9,1854.9,31695828181.274414,-22.33,79969,183841,126133
387,AURUM,Real Estate,Real Estate Services,129.95,81,82,86,60,231.2,16869300723.75,-12.64,124609,111644,165252
388,FINEORG,Basic Materials,Specialty Chemicals,129.95,81,69,62,79,5625.5,148041694116.0,4.04,29279,24133,32356
389,NYKAA,Consumer Cyclical,Internet Retail,129.91,81,86,87,79,341.25,924462928480.8328,1.87,5607397,4336326,5339928
390,KARURVYSYA,Financial Services,Banks - Regional,129.88,81,85,81,92,330.1,327587155238.5261,-5.12,1865813,1638373,1683134
391,KRISHNADEF,Industrials,Specialty Industrial Machinery,129.81,81,70,90,88,1242.1,19664286047.569336,-11.28,368191,177171,153653
392,SVLL,Industrials,Trucking,129.59,81,73,58,50,824.9,9084620760.60791,-8.08,11711,5590,3955
393,SOUTHBANK,Financial Services,Banks - Regional,129.45,80,76,85,85,47.47,121792434449.21553,-4.87,17856087,11972477,9815354
394,GEEKAYWIRE,Industrials,Electrical Equipment & Parts,129.17,80,60,10,22,33.14,2486530895.690918,-18.42,178726,370455,262771
395,MOTILALOFS,Financial Services,Capital Markets,129.01,80,76,71,56,1067.9,525041825903.22363,-2.66,955016,816593,998872
396,MUFIN,Financial Services,Credit Services,128.98,80,79,82,88,135.17,24635523151.6857,-2.05,1032245,757019,967859
397,TEGA,Industrials,Specialty Industrial Machinery,128.94,80,27,36,54,2123.6,117221750857.74463,-0.07,482797,691799,511387
398,DCI,Technology,Electronics & Computer Distribution,128.92,80,72,54,89,342.1,4720740100.097656,-27.98,288207,467830,299989
399,MOTISONS,Consumer Cyclical,Luxury Goods,128.88,80,52,31,31,17.68,16118468608.784866,-17.77,47256390,52339162,57790768
400,ELLEN,Basic Materials,Chemicals,128.78,80,71,29,3,365.75,39631092440.40527,-39.06,1596559,1219112,1080265
401,MAHSEAMLES,Basic Materials,Steel,128.76,80,69,46,78,692.75,76587270844.86694,-2.81,400974,440531,343634
402,IDEAFORGE,Technology,Computer Hardware,128.66,80,86,97,86,700.0,42384330239.14148,-29.45,209114,240178,331758
403,COFORGE,Technology,Information Technology Services,128.62,80,81,53,9,1822.2,657263025475.9377,-8.42,1812610,2329688,2281145
404,OMFREIGHT,Industrials,Integrated Freight & Logistics,128.37,80,58,72,28,106.63,3535921410.0,-6.73,26371,13063,12797
405,EMCURE,Healthcare,Drug Manufacturers - Specialty & Generic,128.34,80,79,80,85,1918.0,356788356507.0,-1.34,107738,175556,163482
406,ORIENTHOT,Consumer Cyclical,Lodging,128.33,80,82,77,9,143.06,24082312777.15027,-4.31,532177,730064,1861223
407,DICIND,Basic Materials,Specialty Chemicals,128.31,80,76,47,67,610.35,4750120597.5,-5.36,3350,6304,12078
408,ANANDRATHI,Financial Services,Asset Management,128.26,80,87,90,94,2127.2,339072869329.0581,-2.25,418510,315825,272658
409,CARTRADE,Consumer Cyclical,Auto & Truck Dealerships,128.17,80,84,89,20,2914.7,128374602854.61182,-11.42,228425,295602,332826
410,FEDERALBNK,Financial Services,Banks - Regional,128.16,80,84,88,91,323.5,873987926282.2706,-9.45,6682738,5463219,5170609
411,ARCHIDPLY,Basic Materials,Lumber & Wood Production,127.73,80,76,35,20,102.73,1659046131.8153687,-14.68,17572,23471,43667
412,INDGN,Healthcare,Health Information Services,127.68,80,72,48,37,607.1,118496435983.82965,1.73,732777,665555,720498
413,PPLPHARMA,Healthcare,Drug Manufacturers - Specialty & Generic,127.58,80,83,55,17,203.01,240517019361.5892,-3.56,2719311,3665538,4600838
414,GAEL,Consumer Defensive,Packaged Foods,127.52,79,81,78,91,162.98,69552818602.44965,-8.4,638587,716682,1270622
415,ABB,Industrials,Specialty Industrial Machinery,127.46,79,79,82,96,7005.0,1562930219812.5,-11.6,164744,170257,207577
416,EMMVEE,Technology,Solar,127.44,79,85,92,87,305.8,229166205923.0,-17.7,1908127,2121950,2021460
417,PRIVISCL,Basic Materials,Specialty Chemicals,127.3,79,72,89,92,3519.2,140438238703.8413,-7.03,168073,99355,93294
418,TBOTEK,Consumer Cyclical,Travel Services,127.23,79,75,59,39,1704.5,152594310278.0,-3.42,332570,222180,279916
419,PRUDENT,Financial Services,Asset Management,127.16,79,79,73,76,3223.3,118377553408.3789,2.0,33494,32438,39847
420,SAREGAMA,Communication Services,Entertainment,127.12,79,75,85,19,503.75,95307886785.0,-3.09,323545,365517,565583
421,NAHARINDUS,Consumer Cyclical,Textile Manufacturing,127.1,79,79,61,65,133.93,5039498941.469406,3.02,17147,21257,49271
422,NETWEB,Technology,Computer Hardware,127.01,79,87,91,98,4685.4,236645495172.0,-10.65,702677,1106250,1525898
423,EMUDHRA,Technology,Software - Application,126.96,79,50,11,8,605.5,37391339253.25,-26.72,530851,1623354,1071636
424,GOCLCORP,Basic Materials,Specialty Chemicals,126.87,79,83,82,75,367.85,19657970304.367065,-20.02,109356,393574,298221
425,SUPRIYA,Healthcare,Biotechnology,126.83,79,77,85,27,889.25,67645793400.0,-18.04,370318,321121,335577
426,GABRIEL,Consumer Cyclical,Auto Parts,126.82,79,82,86,83,1346.9,241653136360.5,-11.38,199835,544113,460175
427,LAMBODHARA,Consumer Cyclical,Textile Manufacturing,126.79,79,78,41,29,133.74,1165093117.163086,-17.44,122344,69329,65928
428,THEJO,Industrials,Specialty Industrial Machinery,126.75,79,83,57,59,2100.4,20594223931.585693,-15.5,6989,8051,10283
429,SUNTV,Communication Services,Broadcasting,126.73,79,18,19,79,636.5,191879799072.69836,-3.66,5868659,2425694,1641095
430,IDEA,Communication Services,Telecom Services,126.72,79,90,94,73,13.18,1422544061962.0063,-14.08,367810205,395781261,397355410
431,ARIS,Industrials,Engineering & Construction,126.63,79,51,11,27,142.31,10065550489.067993,-20.19,1788854,2032472,1842324
432,ARIHANTCAP,Financial Services,Capital Markets,126.63,79,46,24,21,97.38,8946564389.059448,-18.85,558784,891765,606993
433,VINCOFE,Consumer Defensive,Beverages - Non-Alcoholic,126.58,79,77,72,63,184.19,22753614650.566223,2.41,1189084,2554753,2484470
434,OFSS,Technology,Software - Infrastructure,126.5,79,89,92,61,10576.0,927528332520.0,-11.71,205580,219670,211506
435,NELCAST,Industrials,Metal Fabrication,126.46,78,27,66,92,146.29,11731655066.698608,-19.13,940099,387292,274775
436,JKIPL,Industrials,Farm & Heavy Construction Machinery,126.37,78,65,59,69,100.29,3731503024.8565674,-21.0,12680,31436,31556
437,PRECOT,Consumer Cyclical,Textile Manufacturing,126.31,78,85,97,96,613.1,9885000000.0,-30.07,6045,4053,6840
438,SURAKSHA,Healthcare,Diagnostics & Research,126.06,78,79,31,61,321.7,13173827577.16214,-3.39,63626,99717,199290
439,DCBBANK,Financial Services,Banks - Regional,126.04,78,88,77,91,201.19,59983701773.70415,-2.29,1269289,1774856,2038197
440,GOODLUCK,Basic Materials,Steel,126.01,78,82,87,83,501.95,50243329392.912964,-69.98,319537,545224,748908
441,STYL,Technology,Software - Infrastructure,125.97,78,83,87,6,369.7,62206251780.868774,-15.49,176512,131257,147576
442,NUVAMA,Financial Services,Asset Management,125.94,78,84,90,65,1825.9,361425304105.3301,-11.62,780783,451762,404961
443,KSL,Basic Materials,Steel,125.92,78,75,79,67,932.65,38980000459.87427,-5.08,153995,150403,110446
444,CHEMCON,Basic Materials,Specialty Chemicals,125.91,78,67,54,17,220.59,8088425087.81,-23.49,44573,45953,35453
445,LXCHEM,Basic Materials,Specialty Chemicals,125.86,78,66,60,24,190.35,50530124094.366974,-21.02,1291433,1232167,1285997
446,RITCO,Industrials,Integrated Freight & Logistics,125.75,78,85,69,10,284.05,8461435027.940369,-6.87,78432,86232,120141
447,TEXINFRA,Real Estate,Real Estate Services,125.75,78,78,74,63,121.24,14325297014.474945,2.75,529299,329949,250229
448,MRPL,Energy,Oil & Gas Refining & Marketing,125.72,78,73,57,92,182.86,297503642395.75,-13.87,13388637,10828396,11583623
449,ASHIANA,Real Estate,Real Estate - Development,125.66,78,59,80,81,379.2,38872963429.01007,-13.01,33488,68357,61074
450,CGPOWER,Industrials,Electrical Equipment & Parts,125.59,78,73,87,92,894.5,1366639588065.544,-8.81,1910412,2374731,2445601
451,HLEGLAS,Industrials,Specialty Industrial Machinery,125.52,78,15,53,16,469.45,29098063751.88617,-29.08,234472,371978,405374
452,KALYANKJIL,Consumer Cyclical,Luxury Goods,125.47,78,90,76,20,569.0,592328133118.158,-7.63,7855885,7640065,10557191
453,SECMARK,Industrials,Consulting Services,125.29,78,72,50,84,139.69,1404961416.3603516,-6.5,1603,9028,6305
454,HALEOSLABS,Healthcare,Biotechnology,125.27,78,67,85,75,1584.7,4651024794.610718,-10.67,954,1032,868
455,AARTIIND,Basic Materials,Specialty Chemicals,125.25,77,71,81,87,491.25,173310810443.1839,-6.09,435384,526274,1096379
456,ELGIEQUIP,Industrials,Specialty Industrial Machinery,125.23,77,73,72,86,602.05,181988901401.23743,-5.02,236553,378142,540300
457,KPIL,Industrials,Engineering & Construction,125.2,77,70,68,79,1458.4,221987236714.6516,-1.43,190481,160833,235897
458,SPARC,Healthcare,Drug Manufacturers - Specialty & Generic,125.15,77,79,97,65,196.79,70171301586.73419,-31.91,1091100,1036527,937777
459,SHYAMMETL,Basic Materials,Steel,125.13,77,78,80,47,1067.3,285966604317.1362,-2.08,479561,600895,529513
460,GVT&D,Industrials,Specialty Industrial Machinery,125.11,77,83,93,99,4316.3,1064487839604.4556,-23.61,510340,755872,846166
461,SCI,Industrials,Marine Shipping,125.06,77,70,79,96,285.35,128141310494.01154,-22.62,3910087,2613901,2758133
462,PNBHOUSING,Financial Services,Mortgage Finance,125.06,77,83,78,67,1131.0,275704138534.0,-0.15,742650,853018,983335
463,SIS,Industrials,Security & Protection Services,124.98,77,77,88,57,413.3,61829157469.703186,-14.07,318623,342006,268158
464,RATEGAIN,Technology,Software - Application,124.93,77,84,96,63,854.55,106569481260.79785,-14.31,235795,301312,452695
465,AEGISVOPAK,Energy,Oil & Gas Equipment & Services,124.9,77,84,83,14,294.25,324242645571.3041,-5.53,1107959,1580804,1309732
466,PREMEXPLN,Basic Materials,Specialty Chemicals,124.87,77,73,82,60,687.05,35610479767.21057,-17.2,253251,223244,243000
467,DPWIRES,Industrials,Metal Fabrication,124.76,77,17,23,41,227.46,3433968259.6920776,-9.7,319455,110904,68766
468,SANATHAN,Consumer Cyclical,Textile Manufacturing,124.67,77,63,46,50,522.85,40767160497.0,-5.27,198655,134003,108366
469,TIIL,Industrials,Tools & Accessories,124.53,77,86,55,75,2715.4,58189736067.0,-19.73,23195,30666,53112
470,ANDHRSUGAR,Basic Materials,Chemicals,124.5,77,79,60,89,93.37,11700770466.872711,-12.93,274779,378207,874879
471,JSWINFRA,Industrials,Marine Shipping,124.46,77,76,78,54,353.9,747102725954.3518,-0.53,2858725,3865619,3471390
472,EDELWEISS,Financial Services,Financial Conglomerates,124.44,77,76,64,84,133.8,110763130856.61609,-0.07,4634540,8364192,6855490
473,GANDHITUBE,Industrials,Metal Fabrication,124.27,77,66,62,83,974.15,10547936000.0,-5.59,14406,18837,16757
474,NAHARSPING,Consumer Cyclical,Textile Manufacturing,124.14,77,83,80,85,264.3,11221718808.32486,-9.42,18866,29094,44665
475,EPACKPEB,Industrials,Engineering & Construction,124.1,76,68,85,38,267.44,25350962847.259125,-22.26,796223,664364,1106385
476,GFLLIMITED,Financial Services,Asset Management,124.1,76,78,22,16,57.83,5047607583.808899,-28.6,59652,103533,111870
477,LGEINDIA,Technology,Consumer Electronics,124.08,76,56,49,68,1780.3,1036621163919.2168,1.79,781567,601350,772706
478,MUNJALAU,Consumer Cyclical,Auto Parts,124.01,76,79,86,70,105.44,9976999664.30664,-8.31,1253893,702028,2150143
479,GRINDWELL,Industrials,Building Products & Equipment,123.97,76,71,83,61,2018.2,222724349296.875,-17.79,33664,27893,32073
480,THYROCARE,Healthcare,Diagnostics & Research,123.89,76,81,88,73,513.05,89806984146.75,-14.15,193889,236747,474373
481,APLAPOLLO,Basic Materials,Steel,123.88,76,75,43,85,2135.0,506115754191.5393,-7.23,558386,656043,688641
482,NEPHROPLUS,Healthcare,Medical Care Facilities,123.74,76,82,83,83,641.6,67686269868.34595,-16.65,1218040,542792,387850
483,NELCO,Technology,Communication Equipment,123.71,76,86,74,34,915.8,21285003241.45508,-7.85,170759,285126,428995
484,ETERNAL,Consumer Cyclical,Internet Retail,123.67,76,77,63,50,328.0,2577510067160.0,-10.98,23036456,28606710,27259432
485,PIXTRANS,Industrials,Specialty Industrial Machinery,123.51,76,70,84,75,1788.4,24063465387.353516,-7.71,163902,62458,75446
486,HARSHA,Industrials,Tools & Accessories,123.44,76,71,67,62,460.4,36932040637.56088,-1.83,153563,175972,182583
487,UNICHEMLAB,Healthcare,Drug Manufacturers - Specialty & Generic,123.4,76,83,90,5,546.2,37832528043.60962,-20.52,528834,254336,276879
488,STEL,Financial Services,Asset Management,123.23,76,71,84,80,568.6,10252900022.464294,-13.49,4681,5390,4777
489,KECL,Industrials,Specialty Industrial Machinery,123.2,76,78,45,87,129.04,9120644492.037796,-12.81,170050,129411,228129
490,SAIL,Basic Materials,Steel,123.07,76,78,69,92,174.31,666873295303.6871,-16.88,15160299,17696658,19294486
491,VRLLOG,Industrials,Trucking,123.06,76,73,25,68,285.1,42528931745.673065,-10.42,121397,131892,341893
492,ZYDUSLIFE,Healthcare,Drug Manufacturers - Specialty & Generic,122.99,76,67,82,69,1153.0,1105932449832.1582,-2.41,1878965,1474548,1521409
493,MANGLMCEM,Basic Materials,Building Materials,122.9,76,83,79,86,971.1,27058715761.239624,-5.12,66798,96010,143424
494,ALEMBICLTD,Real Estate,Real Estate - Development,122.82,76,75,35,41,103.57,22581394581.22876,-10.71,765358,2164573,1498018
495,DOLLEX,n/a,n/a,122.62,76,53,13,13,37.49,1482100480.0,-13.92,34848,58412,92967
496,EXPLEOSOL,Technology,Information Technology Services,122.56,75,72,24,28,862.65,12439846606.000061,-30.71,12154,32797,202849
497,SINGERIND,,,122.56,75,61,40,76,77.45,,-3.19,77557,88499,175962
498,AGI,Consumer Cyclical,Packaging & Containers,122.55,75,73,52,9,787.5,43531631226.3241,-20.61,114301,192906,185652
499,LMW,Industrials,Specialty Industrial Machinery,122.49,75,79,72,53,16819.0,168396129000.0,-4.97,2646,4618,5736
500,JETFREIGHT,Industrials,Integrated Freight & Logistics,122.48,75,64,94,95,19.72,1061718538.9763947,-24.01,165294,228105,223066
501,DHANBANK,Financial Services,Banks - Regional,122.46,75,68,84,65,32.83,13534223962.14759,-10.91,3079372,1296452,1137058
502,SPLPETRO,Basic Materials,Specialty Chemicals,122.42,75,72,53,89,806.65,139451454636.34692,-17.6,221791,357952,248784
503,KOLTEPATIL,Real Estate,Real Estate - Development,122.32,75,73,48,69,435.9,34696086777.5,-9.92,36951,91147,403483
504,UDS,Industrials,Specialty Business Services,122.26,75,76,54,7,218.11,13587510263.352112,-26.06,100355,289418,317235
505,BBTCL,Consumer Cyclical,Packaging & Containers,122.22,75,71,71,85,225.66,4452785016.485596,-5.97,4888,5175,13800
506,SPAL,Consumer Cyclical,Apparel Manufacturing,122.15,75,88,93,78,960.3,25209271565.52887,-21.41,29206,76588,81786
507,SKIPPER,Industrials,Engineering & Construction,122.14,75,80,81,71,541.35,59686720859.19617,-8.71,456813,1205172,1050147
508,GREENPLY,Basic Materials,Lumber & Wood Production,122.11,75,69,80,29,310.75,37239543954.40842,-10.96,320454,212136,186357
509,PFOCUS,Communication Services,Entertainment,121.99,75,89,79,99,284.0,224630956976.68106,-22.62,3996037,2745773,2050329
510,KRYSTAL,Industrials,Specialty Business Services,121.88,75,63,50,63,644.45,8402732273.912109,-11.66,9777,26513,44055
511,KRBL,Consumer Defensive,Packaged Foods,121.59,75,71,50,64,398.2,80283129619.0,-19.56,340529,432858,689679
512,GPTINFRA,Industrials,Engineering & Construction,121.53,75,49,63,65,130.06,14710103548.760986,-13.29,461449,378756,269806
513,SIEMENS,Industrials,Specialty Industrial Machinery,121.52,75,74,66,91,3793.0,1314013456737.6965,-3.66,188308,247456,336721
514,JAGSNPHARM,Healthcare,Drug Manufacturers - Specialty & Generic,121.51,75,72,72,51,235.4,14610629886.940155,-21.96,1121459,425942,584973
515,MAGADSUGAR,Consumer Defensive,Confectioners,121.46,75,77,46,48,562.3,6959151561.508484,-7.81,62077,44591,63762
516,CUB,Financial Services,Banks - Regional,121.41,75,80,80,86,222.12,217725495330.75,-8.62,2916737,2387983,2658511
517,TEXMOPIPES,Industrials,Building Products & Equipment,121.39,74,76,23,38,52.58,1256552826.7288208,-16.53,129321,312005,207178
518,MAHLOG,Industrials,Integrated Freight & Logistics,121.38,74,76,64,93,411.15,41311281402.655975,-8.63,324549,177411,180445
519,CYIENT,Industrials,Conglomerates,121.33,74,63,10,15,1115.0,87441184612.06458,-13.21,664092,731165,980168
520,BOSCHLTD,Consumer Cyclical,Auto Parts,121.27,74,84,70,76,44410.0,1231609655500.0,3.32,22711,27852,36286
521,LLOYDSENT,Basic Materials,Steel,121.23,74,69,74,76,78.98,119132115185.40005,-10.66,4066810,2763988,3230908
522,ALKYLAMINE,Basic Materials,Specialty Chemicals,121.2,74,72,76,19,1918.9,91526083741.5,-20.05,353508,158575,168007
523,KOHINOOR,Consumer Defensive,Packaged Foods,121.08,74,69,19,27,29.42,849679470.4283333,-18.86,122006,135620,239954
524,EXICOM,Industrials,Electrical Equipment & Parts,121.03,74,90,87,33,153.78,22294487715.737778,-15.92,555417,1392173,1375361
525,GILLANDERS,Consumer Defensive,Farm Products,120.94,74,61,21,21,109.38,1877699672.7248383,-27.99,25503,13537,11785
526,MOBIKWIK,Technology,Software - Infrastructure,120.92,74,29,49,20,256.08,15829705591.783127,-23.33,14048721,6487757,4666126
527,JSFB,Financial Services,Banks - Regional,120.9,74,77,75,57,500.1,56763392400.359985,-12.23,836208,791172,923659
528,BAJAJHIND,Consumer Defensive,Confectioners,120.85,74,65,23,50,21.05,40766122807.50759,-16.14,15466026,24516087,37155697
529,PARIN,n/a,n/a,120.82,74,67,92,94,704.3,2573261100.0,-5.84,35900,18250,12175
530,STAR,Healthcare,Drug Manufacturers - Specialty & Generic,120.69,74,80,75,87,1100.6,94016169300.0,-10.59,200550,332654,419648
531,TASTYBITE,Consumer Defensive,Packaged Foods,120.69,74,77,71,28,9373.0,23091434000.0,-21.62,1703,2488,8816
532,VARDHACRLC,Consumer Cyclical,Textile Manufacturing,120.63,74,67,70,29,43.72,3506270367.4477425,-9.95,29766,33587,35659
533,ADANIPOWER,Utilities,Utilities - Independent Power Producers,120.59,74,84,91,98,196.94,4120367941292.9614,-22.53,20920810,20582743,18150176
534,ADANIGREEN,Utilities,Utilities - Renewable,120.49,74,76,93,87,1341.4,2297975413626.2383,-17.78,2459898,1671688,1614273
535,CINELINE,Communication Services,Entertainment,120.37,74,75,28,70,93.35,2971242460.7681427,-4.74,30386,45763,36468
536,TARMAT,Industrials,Engineering & Construction,120.36,74,67,35,58,56.78,1277023811.372509,-23.17,28279,46097,68789
537,CHEMBOND,Basic Materials,Specialty Chemicals,120.3,74,82,68,10,188.56,2318619383.3291016,-10.21,8286,25083,17404
538,GROWW,Financial Services,Capital Markets,120.22,73,74,90,96,197.75,1251627236991.9136,-12.96,24168957,36310990,35651076
539,SIGACHI,n/a,n/a,120.18,73,89,16,2,29.36,10078489777.156591,-37.17,2404816,4895989,4251743
540,EUROTEXIND,Real Estate,Real Estate - Development,120.14,73,6,59,66,16.12,151892042.0,-32.27,10359,4015,2611
541,CMPDI,Basic Materials,Other Industrial Metals & Mining,120.12,73,82,95,82,209.05,,-26.31,1110008,1609021,1524122
542,ALGOQUANT,Financial Services,Capital Markets,120.1,73,57,48,18,70.2,19229780304.8844,-1.14,1319897,1357318,1326437
543,USHAMART,Basic Materials,Steel,120.09,73,68,76,78,520.25,150891222511.82373,-1.37,593953,1049846,789044
544,GARFIBRES,Consumer Cyclical,Textile Manufacturing,120.08,73,75,64,35,773.75,73084905007.2464,-15.77,25867,39329,59026
545,ALBERTDAVD,Healthcare,Drug Manufacturers - Specialty & Generic,120.02,73,70,31,43,812.75,3985596443.36499,-11.54,5650,5322,13171
546,WESTLIFE,Consumer Cyclical,Restaurants,119.97,73,60,27,18,586.4,71267316174.93817,-24.74,138376,369373,300204
547,NITIRAJ,Technology,Scientific & Technical Instruments,119.96,73,73,33,70,213.86,2257475232.5134277,-9.76,1175,4352,3815
548,SAIPARENT,Healthcare,Drug Manufacturers - General,119.96,73,69,87,84,521.65,23662395580.60547,-26.11,131849,85062,117811
549,MODIS,Real Estate,Real Estate - Development,119.92,73,63,56,42,382.8,7681709639.575195,-10.78,34656,43189,56178
550,MATRIMONY,Communication Services,Internet Content & Information,119.8,73,75,27,22,517.5,8807898835.289246,-12.26,8796,13011,54719
551,AVL,Consumer Cyclical,Specialty Retail,119.73,73,77,88,78,621.1,78909803876.10779,-11.9,143169,201272,192167
552,TINNARUBR,Basic Materials,Specialty Chemicals,119.63,73,81,84,29,930.55,19796614139.612183,-29.61,29796,44836,54110
553,ADANIPORTS,Industrials,Marine Shipping,119.57,73,69,82,80,1750.1,4074090985491.403,-7.46,1898406,2301302,2179349
554,TORNTPHARM,Healthcare,Drug Manufacturers - Specialty & Generic,119.57,73,75,88,80,4716.2,1887195117544.0,-7.27,340239,322353,380424
555,NDLVENTURE,Communication Services,Entertainment,119.52,73,71,89,98,120.26,4210972840.053894,-14.1,6413,12729,22827
556,GEECEE,Real Estate,Real Estate - Development,119.42,73,69,65,33,363.45,7728975166.035065,-6.81,2207,2677,3220
557,PIRAMALFIN,Financial Services,Credit Services,119.35,73,87,91,80,1981.5,471310648524.20654,-10.74,487588,440372,352152
558,AAATECH,Technology,Information Technology Services,119.33,72,49,51,78,106.79,1150050934.9731445,-21.48,248139,119676,83425
559,NGIL,Consumer Defensive,Packaged Foods,119.29,72,68,79,90,37.37,699246521.5,-14.86,33903,34879,36550
560,UJJIVANSFB,Financial Services,Banks - Regional,119.07,72,76,82,82,64.94,137608994178.15894,-10.11,15852889,12998171,13144013
561,SGIL,Industrials,Metal Fabrication,119.06,72,67,73,68,604.55,9263520310.36377,-4.53,15254,12461,13095
562,GPPL,Industrials,Marine Shipping,119.05,72,52,41,59,172.46,72171478753.86758,-13.81,1287118,1491979,1872433
563,PRICOLLTD,Consumer Cyclical,Auto Parts,118.96,72,85,72,84,661.25,76626899280.41125,-4.75,524298,387028,517479
564,MITCON,Industrials,Engineering & Construction,118.94,72,71,66,70,78.49,1424640089.132721,-14.41,44921,22532,14739
565,GAUDIUMIVF,Healthcare,Medical Care Facilities,118.92,72,86,94,90,107.5,8328275134.003235,-34.12,294705,212048,166386
566,BETA,Healthcare,Drug Manufacturers - Specialty & Generic,118.86,72,90,93,18,1991.4,23374947912.59619,-25.53,13660,17852,28651
567,GODREJAGRO,Consumer Defensive,Packaged Foods,118.78,72,68,32,53,639.6,110337672374.91174,-26.24,212644,642949,542388
568,FMGOETZE,Consumer Cyclical,Auto Parts,118.78,72,74,58,62,441.15,26639445790.051575,-26.83,160482,1369629,1616970
569,JAYNECOIND,Basic Materials,Steel,118.77,72,73,88,98,95.24,84243809723.71603,-18.6,2865184,4483495,4573509
570,KOTAKBANK,Financial Services,Banks - Regional,118.75,72,54,36,33,440.0,3826902389512.5,-2.91,28778796,17274343,14410168
571,DWARKESH,Consumer Defensive,Confectioners,118.66,72,66,50,83,46.8,8025406920.172844,-11.85,2830025,2861128,4219990
572,SANGHVIMOV,Industrials,Rental & Leasing Services,118.64,72,86,91,66,410.65,39452684256.83594,-13.18,337268,281519,427061
573,SATIA,Basic Materials,Paper & Paper Products,118.62,72,64,8,40,69.0,6045000076.293945,-23.93,107601,157825,127944
574,JAYBARMARU,Consumer Cyclical,Auto Parts,118.62,72,64,99,82,132.78,17467220066.070557,-35.86,657328,379748,427676
575,VMART,Consumer Cyclical,Department Stores,118.61,72,77,67,35,806.2,57644461591.38989,-9.21,91901,81258,100918
576,IVC,Financial Services,Financial Conglomerates,118.57,72,80,61,49,7.95,2584489306.44722,-19.53,205797,602786,450370
577,ANUHPHR,Healthcare,Drug Manufacturers - Specialty & Generic,118.56,72,78,41,55,85.51,7924711649.4140625,-14.49,81011,232975,159123
578,CASTROLIND,Energy,Oil & Gas Refining & Marketing,118.51,72,58,47,50,197.15,182779918698.52368,-12.57,3756391,2970277,3077521
579,BSE,Financial Services,Financial Data & Stock Exchanges,118.47,71,63,87,94,3356.0,1447866088210.6853,-24.53,7709262,5207114,4909506
580,HUHTAMAKI,Consumer Cyclical,Packaging & Containers,118.45,71,88,70,41,231.19,24067329373.980835,-27.93,78531,171147,191616
581,KPRMILL,Consumer Cyclical,Textile Manufacturing,118.39,71,74,77,51,1101.3,363587685763.5,-17.44,128734,208233,232654
582,SRHHYPOLTD,Basic Materials,Chemicals,118.37,71,58,38,39,549.15,8202209819.615753,-16.03,24554,43181,29659
583,ADANIENSOL,Utilities,Utilities - Independent Power Producers,118.34,71,84,96,96,1318.8,2044823254556.021,-26.28,2074620,3170152,2766719
584,MANYAVAR,Consumer Cyclical,Apparel Manufacturing,118.31,71,79,6,4,500.2,97749742697.46918,-37.79,237338,353355,1431615
585,KOTYARK,Basic Materials,Specialty Chemicals,118.28,71,54,88,96,31.1,2992970205.72,-31.65,531021,267167,272417
586,IIFL,Financial Services,Credit Services,118.25,71,76,65,49,588.55,236694907774.72687,-12.81,1244374,2235121,2360600
587,ADVAIT,Industrials,Specialty Industrial Machinery,118.25,71,80,89,94,1910.8,24633995446.75537,-23.11,38535,51557,52067
588,HINDOILEXP,Energy,Oil & Gas E&P,118.22,71,78,56,51,171.88,21428701661.69612,-8.89,353389,2013781,1411631
589,BHARATFORG,Consumer Cyclical,Auto Parts,118.19,71,78,92,96,1841.8,1028655547299.543,-17.7,822302,888343,1028770
590,RAJRATAN,Basic Materials,Steel,118.12,71,77,78,79,460.6,24791478680.236816,-15.33,112305,109508,121660
591,UNIDT,Energy,Oil & Gas Equipment & Services,118.12,71,67,68,73,227.34,4395423859.268402,-10.84,113769,61770,40312
592,63MOONS,Technology,Software - Application,118.04,71,78,37,42,783.2,32637427194.61786,-25.9,183811,397651,887788
593,NECCLTD,Industrials,Trucking,118.04,71,66,19,15,18.87,2025209912.3001099,-21.41,68768,134089,97009
594,MANINFRA,Industrials,Engineering & Construction,118.0,71,61,23,7,122.52,39026477826.58924,-33.68,1962468,2462336,2412035
595,ELGIRUBCO,Consumer Cyclical,Auto Parts,117.94,71,78,62,67,57.85,2731729091.644287,-36.08,74066,64045,69994
596,VENKEYS,Consumer Defensive,Farm Products,117.92,71,78,43,68,1655.6,21204257459.341797,-8.02,34810,101642,99418
597,VIDHIING,Basic Materials,Specialty Chemicals,117.86,71,65,25,29,348.2,15510419140.319824,-19.58,21301,33838,53824
598,HNDFDS,Industrials,Conglomerates,117.82,71,77,69,45,580.4,69935113073.43689,-2.29,69102,81197,97503
599,CLSEL,Consumer Defensive,Packaged Foods,117.59,70,68,59,66,295.15,13913227868.997803,-11.1,47025,100589,147009
600,ANGELONE,Financial Services,Capital Markets,117.55,70,68,85,90,302.0,281318174883.3545,-16.22,5085726,5385702,5363967
601,JOCIL,Basic Materials,Specialty Chemicals,117.45,70,70,66,24,149.04,1414944883.0474854,-14.89,2081,8945,6696
602,SUNDROP,Consumer Defensive,Packaged Foods,117.44,70,39,30,30,745.9,25899622393.483337,-19.62,20375,32535,31219
603,MANBA,Financial Services,Credit Services,117.29,70,56,67,22,141.74,6943589193.400726,-6.13,197776,139223,130201
604,MOL,Basic Materials,Agricultural Inputs,117.27,70,70,5,7,61.06,13849951698.228386,-42.56,826788,1232226,1718240
605,MEGASTAR,Consumer Defensive,Packaged Foods,117.18,70,63,92,92,309.06,3848892822.137451,-21.16,7639,6798,5676
606,QUINTEGRA,Technology,Information Technology Services,117.16,70,10,31,23,1.54,31372181.099999998,-24.88,6922,5478,6472
607,EMKAY,Financial Services,Capital Markets,117.1,70,62,58,50,287.3,6592376410.0,-29.91,77811,53016,41987
608,PRIMO,Basic Materials,Chemicals,117.06,70,33,51,62,25.62,5413947571.778641,-16.0,898610,429679,374591
609,ENRIN,Utilities,Utilities - Renewable,117.02,70,44,78,85,3344.0,1153901642912.3035,-15.73,513714,429932,580479
610,GUJALKALI,Basic Materials,Chemicals,116.96,70,81,50,93,616.0,49555238117.953125,-24.42,62082,95368,112040
611,BEML,Industrials,Conglomerates,116.91,70,74,44,45,2006.2,142690710733.1543,-11.84,185460,388923,425895
612,PATELRMART,Consumer Cyclical,Department Stores,116.64,70,52,63,44,227.86,7463014057.864258,-25.29,87572,75541,88709
613,COSMOFIRST,Consumer Cyclical,Packaging & Containers,116.61,70,77,67,51,831.95,22869134555.0,-26.86,30598,58249,90735
614,LGBBROSLTD,Consumer Cyclical,Auto Parts,116.6,70,63,50,87,1715.8,49133942407.53223,-16.22,23722,26163,26474
615,WEWORK,Real Estate,Real Estate Services,116.54,70,71,81,34,673.15,98669331603.17554,-12.24,138595,223738,235956
616,GLAXO,Healthcare,Drug Manufacturers - General,116.53,70,77,48,44,2634.0,425937599557.979,-17.69,85120,83099,119420
617,BLBLIMITED,Financial Services,Capital Markets,116.5,70,58,51,84,16.91,829984540.5167522,-24.74,117207,156663,146401
618,ASTEC,Basic Materials,Agricultural Inputs,116.48,70,52,39,66,748.2,14686222521.800049,-20.55,193062,435070,277397
619,ONWARDTEC,Technology,Information Technology Services,116.46,70,62,56,33,297.4,6374887643.280304,-16.69,23175,29727,41734
620,GULFOILLUB,Basic Materials,Specialty Chemicals,116.41,69,57,43,28,1118.6,50333548363.125854,-15.83,43362,52696,78139
621,GIPCL,Utilities,Utilities - Regulated Electric,116.37,69,81,52,48,171.86,24404602211.965942,-15.44,302057,507525,761850
622,WEWIN,n/a,n/a,116.23,69,23,30,87,52.85,467406000.0,-32.24,8624,4023,2961
623,ASAHIINDIA,Consumer Cyclical,Auto Parts,116.18,69,61,61,64,976.25,226451821541.6958,-9.1,111672,129022,177914
624,REMSONSIND,Consumer Cyclical,Auto Parts,116.16,69,38,2,22,104.02,2746183060.314514,-31.77,1101071,475634,329928
625,SJS,Consumer Cyclical,Auto Parts,116.11,69,82,91,89,1982.6,74751240807.90332,-16.19,181163,162304,176132
626,UNIONBANK,Financial Services,Banks - Regional,116.03,69,76,69,92,173.15,1301529755993.5,-15.74,9555450,7850624,9318971
627,GOKULAGRO,Consumer Defensive,Packaged Foods,116.01,69,77,78,96,212.42,61947552128.60034,-15.0,384837,334452,585521
628,STARHEALTH,Financial Services,Insurance - Life,115.98,69,74,84,82,553.85,341744746778.94006,-11.23,1621278,863352,708100
629,BECTORFOOD,Consumer Defensive,Packaged Foods,115.88,69,63,6,14,211.07,63433468143.827515,-31.91,720802,1120177,1777693
630,THEMISMED,Healthcare,Drug Manufacturers - Specialty & Generic,115.85,69,86,73,20,115.47,10204194330.171661,-21.98,119114,323317,265635
631,NAGREEKCAP,Financial Services,Asset Management,115.85,69,23,30,74,27.25,286745763.22517395,-36.26,28798,21724,15328
632,TVSSRICHAK,Consumer Cyclical,Auto Parts,115.72,69,87,72,81,4354.1,30354077236.120605,-8.83,5873,13587,41985
633,TIPSMUSIC,Communication Services,Entertainment,115.7,69,66,83,75,639.9,89411807185.94421,-13.64,237782,226298,227832
634,KAJARIACER,Industrials,Building Products & Equipment,115.7,69,72,66,83,1226.2,190913095281.50024,-7.24,837407,405330,358169
635,SASKEN,Technology,Information Technology Services,115.52,69,83,93,53,1665.1,27654563691.0,-40.11,20464,21922,22966
636,BOROLTD,Consumer Cyclical,"Furnishings, Fixtures & Appliances",115.45,69,44,22,20,281.15,27784989283.917023,-29.35,602768,455739,678123
637,REGAAL,Consumer Defensive,Packaged Foods,115.38,69,57,29,50,85.49,9316824481.306305,-41.32,321613,662723,558615
638,RANASUG,Consumer Defensive,Confectioners,115.35,69,67,24,71,13.82,1809028878.592968,-11.92,377134,442123,641172
639,GMBREW,Consumer Defensive,Beverages - Wineries & Distilleries,115.34,69,56,51,77,984.95,20663899786.243103,-25.88,61049,41394,33594
640,PETRONET,Energy,Oil & Gas Refining & Marketing,115.29,69,56,52,53,297.0,412050042484.14795,-9.01,2416687,1815110,1853793
641,J&KBANK,Financial Services,Banks - Regional,115.23,68,73,95,90,139.4,190031065705.21124,-30.9,1879339,1870119,2502168
642,LTFOODS,Consumer Defensive,Packaged Foods,115.08,68,71,35,72,418.2,130428207885.86377,-17.64,405002,490895,1522631
643,RANEHOLDIN,Consumer Cyclical,Auto Parts,115.08,68,80,89,11,1536.6,24820543514.17932,-16.38,7994,13833,18877
644,TVSMOTOR,Consumer Cyclical,Auto Manufacturers,114.93,68,74,61,81,3926.0,1839220617285.9932,-1.23,669683,799058,895603
645,WALCHANNAG,Industrials,Engineering & Construction,114.91,68,61,88,85,223.99,16101522586.29132,-29.07,1209230,827560,749180
646,SALONA,Consumer Cyclical,Textile Manufacturing,114.84,68,48,46,83,276.55,1309285136.0595703,-13.58,644,891,1065
647,TMCV,Consumer Cyclical,Auto Manufacturers,114.84,68,70,71,87,427.9,1495642867815.571,-15.93,6007247,6673431,7611859
648,OIL,Energy,Oil & Gas Integrated,114.78,68,76,51,79,453.75,731566854002.25,-14.55,1715561,2153112,2465564
649,ADANIENT,Energy,Thermal Coal,114.77,68,81,89,51,2743.0,4096905944440.5273,-15.47,1549842,1869265,1557150
650,GEOJITFSL,Financial Services,Capital Markets,114.76,68,75,76,40,77.98,21255149787.756554,-8.68,300103,337886,359842
651,MONARCH,Financial Services,Capital Markets,114.75,68,79,75,47,347.15,28372557919.5,-8.16,69029,96079,125556
652,PARADEEP,Basic Materials,Agricultural Inputs,114.74,68,72,47,39,155.38,141263880329.36853,-33.71,1484706,2590771,4553597
653,INDIQUBE,Real Estate,Real Estate Services,114.62,68,70,39,10,194.57,38437290684.27765,-20.19,40210,56497,64930
654,CHEVIOT,Consumer Cyclical,Textile Manufacturing,114.41,68,72,56,68,1148.4,6739186857.376099,-16.21,1058,1555,4255
655,CANHLIFE,Financial Services,Insurance - Life,114.38,68,74,72,83,146.06,139574001988.55438,-12.38,1220024,1168104,957662
656,21STCENMGM,Financial Services,Capital Markets,114.37,68,55,9,1,39.12,389655006.4086914,-36.93,4429,3990,7243
657,20MICRONS,Basic Materials,Other Industrial Metals & Mining,114.36,68,73,60,32,204.56,7206562152.699799,-23.39,75362,174505,176964
658,CRISIL,Financial Services,Financial Data & Stock Exchanges,114.27,68,69,29,40,4509.1,317910824185.60645,-18.75,37446,54069,49269
659,ANDHRAPAP,Basic Materials,Paper & Paper Products,114.25,68,56,26,46,70.07,12195482823.455582,-19.36,346552,2572715,1624612
660,ABSLAMC,Financial Services,Asset Management,114.21,68,71,84,91,1015.5,294181229682.0,-17.1,170134,206436,196664
661,IIFLCAPS,Financial Services,Capital Markets,114.19,67,59,60,72,346.85,107097189771.45331,-15.67,731720,516336,398381
662,VTL,Consumer Cyclical,Textile Manufacturing,114.16,67,69,89,90,536.4,177911819612.71973,-22.03,469923,1206079,861518
663,HAL,Industrials,Aerospace & Defense,114.1,67,73,49,56,4746.3,3058575519689.9414,-4.65,653985,730314,894992
664,SANSTAR,Basic Materials,Chemicals,114.1,67,67,81,48,104.23,21823248555.25827,-24.19,115958,160978,215231
665,PTC,Utilities,Utilities - Independent Power Producers,114.06,67,49,52,81,151.72,48663766165.70859,-33.89,1551845,1569477,2350235
666,JMA,Consumer Cyclical,Auto Parts,113.98,67,54,58,69,88.69,2018007086.0473175,-9.5,8329,21808,18411
667,APEX,Consumer Defensive,Farm Products,113.95,67,77,88,99,343.4,11906250000.0,-33.26,86551,104657,339945
668,EXIDEIND,Consumer Cyclical,Auto Parts,113.94,67,64,79,52,402.95,376550000000.0,-11.01,1723191,2070173,3241519
669,TTKHLTCARE,Healthcare,Drug Manufacturers - General,113.91,67,80,49,20,1046.6,14797284027.642334,-20.2,12367,41772,39016
670,HAVISHA,Consumer Cyclical,Lodging,113.83,67,20,1,18,1.52,188849036.92846298,-37.19,107063,58946,71970
671,ECLERX,Technology,Information Technology Services,113.81,67,69,39,17,1896.0,171305043828.0,-24.08,139217,190788,197479
672,POLYPLEX,Basic Materials,Specialty Chemicals,113.81,67,82,76,32,1023.3,35440518442.06494,-13.27,38184,45791,77947
673,DVL,Financial Services,Capital Markets,113.8,67,70,22,19,275.9,8544989276.134827,-28.52,10151,17525,30015
674,MANKIND,Healthcare,Drug Manufacturers - Specialty & Generic,113.77,67,42,71,42,2500.0,1035463495875.7808,-6.51,594980,448078,454376
675,SKFINDUS,Industrials,Tools & Accessories,113.69,67,76,68,26,2745.1,135024962131.63696,-9.73,64540,95422,76723
676,STEELXIND,Basic Materials,Steel,113.64,67,78,82,80,10.9,14757747637.582672,-21.86,6385772,8981337,6131074
677,PDMJEPAPER,Basic Materials,Paper & Paper Products,113.63,67,67,18,24,96.36,8708814115.905762,-35.06,172771,484617,357581
678,GLENMARK,Healthcare,Drug Manufacturers - Specialty & Generic,113.62,67,70,68,87,2282.3,618584173328.0,-7.75,722042,545203,530279
679,JINDALPOLY,Consumer Cyclical,Packaging & Containers,113.49,67,53,75,95,653.25,27907269256.545776,-36.36,11670,45584,37521
680,SAPPHIRE,Consumer Cyclical,Restaurants,113.44,67,68,16,2,215.03,57633289239.476074,-38.19,788306,892755,1973224
681,TVSSCS,Industrials,Integrated Freight & Logistics,113.41,67,53,77,57,130.4,58734299148.70935,-10.99,493943,699066,1674262
682,PWL,Consumer Defensive,Education & Training Services,113.34,66,65,66,9,139.57,366183633352.0889,-13.84,11908744,12823455,13390054
683,OBCL,Industrials,Trucking,113.3,66,42,45,69,57.56,1104527355.2320862,-11.23,9956,9676,15411
684,SHOPERSTOP,Consumer Cyclical,Department Stores,113.3,66,45,52,3,392.4,41630188820.5,-31.4,413135,276256,185484
685,EVERESTIND,Industrials,Building Products & Equipment,113.29,66,52,63,23,499.35,8180776469.851685,-29.41,27260,14278,13583
686,METROPOLIS,Healthcare,Diagnostics & Research,113.28,66,75,79,66,541.45,118252096977.0,-9.76,238778,245147,246759
687,VINEETLAB,Basic Materials,Chemicals,113.26,66,62,48,68,36.65,718890542.2412872,-26.69,154037,114749,100541
688,PCBL,Basic Materials,Specialty Chemicals,113.23,66,64,52,26,326.9,125081759410.09485,-23.25,660627,1341136,1714964
689,NAM-INDIA,Financial Services,Asset Management,113.22,66,81,88,93,1047.2,711216685412.5,-15.1,745628,1106737,1082884
690,RICOAUTO,Consumer Cyclical,Auto Parts,113.17,66,69,83,93,123.45,18814085940.856934,-21.37,752983,764372,1514526
691,SUTLEJTEX,Consumer Cyclical,Textile Manufacturing,113.15,66,72,64,71,36.57,6149297760.153793,-14.81,21103,27781,32091
692,EPL,Consumer Cyclical,Packaging & Containers,113.09,66,70,65,76,237.03,74648571624.5633,-3.98,1402609,7102264,5187087
693,DREDGECORP,Industrials,Engineering & Construction,113.08,66,67,83,88,931.0,28092399658.203125,-27.6,102602,86778,139896
694,ANANTRAJ,Real Estate,Real Estate - Development,112.97,66,75,58,45,612.15,211085808898.47107,-17.68,1204322,2304544,2156880
695,ARMANFIN,Financial Services,Credit Services,112.95,66,86,82,55,1741.2,20159951778.716064,-15.85,52107,34365,44073
696,LIKHITHA,Energy,Oil & Gas Equipment & Services,112.93,66,53,69,73,234.14,8944516326.922302,-18.39,80040,110916,84837
697,AJAXENGG,Industrials,Farm & Heavy Construction Machinery,112.92,66,56,66,17,582.75,64937296886.865234,-20.18,264964,131496,109915
698,SSDL,Consumer Cyclical,Apparel Retail,112.83,66,19,5,10,66.2,2077801554.3395996,-32.45,292078,157303,129495
699,PRIMESECU,Financial Services,Capital Markets,112.71,66,48,40,68,295.8,9314922610.560608,-8.98,19572,33414,37447
700,RELIABLE,Technology,Information Technology Services,112.6,66,45,84,92,141.58,1484841650.390625,-19.1,33776,33527,43245
701,MINDACORP,Consumer Cyclical,Auto Parts,112.51,66,77,82,61,639.45,159209891119.008,-10.4,236644,207352,444732
702,NORTHARC,Financial Services,Credit Services,112.4,66,72,84,63,293.75,48395017708.02768,-12.05,726306,2150448,1531347
703,CARYSIL,Consumer Cyclical,"Furnishings, Fixtures & Appliances",112.36,65,71,88,81,1007.5,32017840185.40088,-21.34,108708,93071,100974
704,MOLDTKPAC,Consumer Cyclical,Packaging & Containers,112.31,65,61,71,57,667.2,24172373894.92639,-25.28,59111,51762,67941
705,AARVI,Industrials,Staffing & Employment Services,112.3,65,59,81,81,140.71,2294029313.960266,-16.44,8139,13536,24003
706,PODDARMENT,Basic Materials,Specialty Chemicals,112.3,65,66,31,49,254.8,2800827916.5649414,-16.46,4765,18618,13161
707,AMBIKCO,Consumer Cyclical,Textile Manufacturing,112.29,65,66,84,73,1504.9,9779444720.458984,-17.14,5557,7845,16384
708,WORTHPERI,Consumer Cyclical,Packaging & Containers,112.24,65,70,40,56,143.26,2249715358.8409424,-15.96,10856,8549,17668
709,ASIANHOTNR,Consumer Cyclical,Lodging,112.23,65,85,45,31,330.25,13073479412.63742,-17.96,13935,71763,59544
710,CUMMINSIND,Industrials,Specialty Industrial Machinery,112.13,65,60,87,95,4872.2,1552458600000.0,-20.13,495730,411449,445249
711,HERITGFOOD,Consumer Defensive,Packaged Foods,112.12,65,54,15,17,398.75,31114497667.23633,-26.16,199097,675147,542026
712,JINDRILL,Energy,Oil & Gas Equipment & Services,112.1,65,75,71,42,598.1,17536465322.853516,-13.76,866185,601847,882285
713,LATTEYS,Industrials,Specialty Industrial Machinery,112.1,65,40,41,65,21.87,1339077816.889,-40.89,61794,48706,64405
714,IDFCFIRSTB,Financial Services,Banks - Regional,112.06,65,71,68,42,79.54,696159663709.681,-8.57,23378917,20498672,17068051
715,ABCAPITAL,Financial Services,Financial Conglomerates,112.06,65,74,85,88,372.1,1077615835450.623,-9.55,3259564,2709443,3224730
716,JKPAPER,Basic Materials,Paper & Paper Products,112.05,65,69,49,63,384.5,72790422831.3139,-13.56,242190,507988,435578
717,SARLAPOLY,Consumer Cyclical,Textile Manufacturing,112.04,65,66,69,69,96.7,7951095199.836731,-19.08,36353,48458,53024
718,CONCORDBIO,Healthcare,Biotechnology,112.01,65,61,57,4,1359.7,130613330694.0,-28.62,109509,139850,172370
719,GREAVESCOT,Industrials,Specialty Industrial Machinery,111.99,65,60,93,24,212.0,57380598929.06726,-22.03,4054750,1972491,1980526
720,PNB,Financial Services,Banks - Regional,111.92,65,59,40,57,114.59,1268591046355.5286,-15.21,12456078,12496236,12615947
721,KIRLFER,Industrials,Metal Fabrication,111.92,65,56,57,61,473.8,77653664522.5664,-7.64,86879,113842,130919
722,SAKHTISUG,Consumer Defensive,Confectioners,111.83,65,64,25,36,18.63,2056618991.162693,-25.33,198305,205746,303762
723,VAISHALI,Healthcare,Drug Manufacturers - Specialty & Generic,111.81,64,58,39,7,8.1,1007167616.2279558,-38.17,178714,166257,176557
724,INDIGOPNTS,Basic Materials,Specialty Chemicals,111.79,64,64,67,13,1060.2,50066764114.64758,-21.23,43634,54578,111148
725,HALDER,Consumer Defensive,Farm Products,111.77,64,66,24,43,262.9,2917240099.3920135,-10.58,18924,19726,23996
726,JAYAGROGN,Basic Materials,Specialty Chemicals,111.76,64,63,59,47,213.0,6669600219.7265625,-21.43,20508,33552,25149
727,ADVANCE,Basic Materials,Agricultural Inputs,111.71,64,64,51,48,117.49,7064357731.56311,-23.71,278969,203865,350096
728,ICICIAMC,Financial Services,Asset Management,111.7,64,55,70,90,3058.5,1544854478379.4336,-15.3,292886,563479,457714
729,DEVYANI,Consumer Cyclical,Restaurants,111.7,64,61,22,8,128.98,138459142291.93365,-32.47,1222549,1815138,4069415
730,KIRLPNU,Industrials,Specialty Industrial Machinery,111.67,64,72,92,84,696.15,97256390162.98462,-68.32,94407,129247,170747
731,KRISHIVAL,Consumer Defensive,Packaged Foods,111.64,64,55,68,53,397.4,9932247739.704529,-21.77,31159,22597,30777
732,TAINWALCHM,Basic Materials,Specialty Chemicals,111.63,64,62,75,65,200.4,1890282978.0880127,-25.78,2377,3465,5864
733,AUBANK,Financial Services,Banks - Regional,111.61,64,72,75,91,993.4,751657051608.0,-8.9,1933356,1267692,1463533
734,GOLDIAM,Consumer Cyclical,Luxury Goods,111.52,64,68,86,84,317.0,52619715187.5,-19.47,436703,421252,794210
735,PROTEAN,Technology,Information Technology Services,111.51,64,4,29,2,669.95,24124928108.32837,-29.14,1313294,1390811,932423
736,LANDMARK,Consumer Cyclical,Auto & Truck Dealerships,111.43,64,64,29,33,480.95,21263205341.836548,-27.44,1850475,669377,507063
737,RATNAMANI,Basic Materials,Steel,111.35,64,72,64,62,2524.3,167835294000.0,-24.54,33937,52988,96018
738,CAPILLARY,Technology,Software - Infrastructure,111.27,64,14,17,37,578.3,37848531903.75,-27.62,383809,356025,706236
739,MEDANTA,Healthcare,Medical Care Facilities,111.24,64,72,70,28,1294.1,368413518672.0,-11.15,253943,307752,280829
740,INDHOTEL,Consumer Cyclical,Lodging,111.17,64,55,67,36,731.3,1035475790907.0317,-9.93,4866972,2810776,2274925
741,ASPINWALL,Consumer Defensive,Farm Products,111.07,64,67,56,46,241.65,1957699267.480957,-20.1,4423,2778,2724
742,GUJRAFFIA,,,111.05,64,38,35,41,42.37,,-51.85,3057,2650,3391
743,VIYASH,Healthcare,Drug Manufacturers - Specialty & Generic,111.05,64,78,91,80,240.77,109508620990.33987,-19.2,1908363,2896060,5277920
744,LODHA,Real Estate,Real Estate - Development,111.02,63,75,73,8,1109.4,1142872386058.7332,-16.44,2020059,1724995,1627801
745,STARPAPER,Basic Materials,Paper & Paper Products,111.01,63,63,27,31,151.5,2320908712.5,-19.76,4648,18706,14556
746,INGERRAND,Industrials,Specialty Industrial Machinery,111.01,63,75,75,84,4115.3,137456536234.375,-13.48,9742,24286,28271
747,FAIRCHEMOR,Basic Materials,Specialty Chemicals,111.0,63,55,57,5,703.85,8556396074.841431,-16.88,37401,17884,18001
748,PDSL,Industrials,Specialty Business Services,110.94,63,68,68,27,342.0,49875358016.0,-18.28,122299,128967,127546
749,JSWSTEEL,Basic Materials,Steel,110.91,63,65,61,80,1230.0,3028578226038.6045,-7.38,1427659,1397284,1509326
750,AARTIDRUGS,Healthcare,Drug Manufacturers - Specialty & Generic,110.91,63,62,57,30,417.55,36918715000.0,-23.99,233349,173614,195654
751,SMARTWORKS,Real Estate,Real Estate Services,110.91,63,79,54,46,489.35,55137163378.99927,-20.95,80016,73594,98787
752,AUTOIND,Consumer Cyclical,Auto Parts,110.87,63,76,89,39,83.38,4077887412.497261,-19.83,204139,250915,205957
753,APLLTD,Healthcare,Drug Manufacturers - Specialty & Generic,110.85,63,53,46,34,833.8,156778742903.4956,-18.75,263444,206571,170086
754,HINDCOPPER,Basic Materials,Copper,110.83,63,86,80,98,479.95,467217649360.7538,-36.85,4880188,7738959,11320696
755,MARKOLINES,Industrials,Infrastructure Operations,110.83,63,62,61,41,169.6,3875895916.5270996,-11.55,165931,222206,197481
756,MGEL,Consumer Defensive,Farm Products,110.82,63,65,77,69,15.71,5180614120.000839,-14.62,1131577,1446896,909146
757,PROZONER,Real Estate,Real Estate - Diversified,110.81,63,52,20,94,54.06,6684006158.97324,-25.71,656933,444942,322719
758,DEEPAKFERT,Basic Materials,Chemicals,110.81,63,58,76,52,1415.4,198797929412.61792,-15.75,298145,254008,347921
759,GAIL,Utilities,Utilities - Regulated Gas,110.8,63,58,62,57,170.71,1117895068994.6309,-8.65,7772498,6486304,8494699
760,IKIO,Technology,Electronic Components,110.71,63,85,85,8,191.05,15828633744.84076,-24.46,111061,659716,468288
761,M&MFIN,Financial Services,Credit Services,110.71,63,76,70,60,321.75,495372849896.5,-21.94,1786311,1726726,2141743
762,GUJTHEM,Healthcare,Drug Manufacturers - Specialty & Generic,110.71,63,74,61,43,379.5,39353133162.0,-20.77,201835,554021,430056
763,ITDC,Consumer Cyclical,Lodging,110.7,63,73,70,70,671.75,63246357653.97949,-18.28,552524,726311,556734
764,SHARDAMOTR,Consumer Cyclical,Auto Parts,110.69,62,53,34,52,924.85,47444624117.97803,-22.27,56177,63259,81790
765,ULTRAMAR,Basic Materials,Specialty Chemicals,110.67,62,63,44,74,409.6,11081400000.0,-7.54,201154,121782,135340
766,LIBAS,Consumer Cyclical,Apparel Manufacturing,110.67,62,27,32,67,11.55,264499582.19503403,-19.23,98681,116957,82440
767,TRUALT,Energy,Oil & Gas Refining & Marketing,110.66,62,31,41,70,448.85,36783574956.23456,-17.19,365439,238632,318360
768,SHRIRAMFIN,Financial Services,Credit Services,110.64,62,76,82,93,948.0,2364948418593.8696,-14.44,4470219,4161651,4172801
769,WINDMACHIN,Industrials,Specialty Industrial Machinery,110.61,62,53,62,54,303.05,30230842910.332336,-12.27,82496,79117,154431
770,TITAN,Consumer Cyclical,Luxury Goods,110.58,62,79,75,86,4377.0,4148710681020.0,-7.52,879869,683491,756136
771,WENDT,Industrials,Tools & Accessories,110.58,62,55,48,19,7991.0,16149000000.0,-24.51,6427,12659,10294
772,IFCI,Financial Services,Credit Services,110.57,62,89,83,77,64.03,188925328289.87534,-33.16,33190214,100512193,71259042
773,TATATECH,Technology,Information Technology Services,110.49,62,74,80,26,697.6,288702851130.0,-11.02,596464,877539,1468733
774,ARSSBL,Financial Services,Financial Conglomerates,110.45,62,44,65,81,571.15,32050345249.853516,-28.14,274445,183037,179353
775,UMIYA-MRO,Real Estate,Real Estate - Development,110.41,62,78,59,76,92.22,1668348129.686264,-16.84,17209,26914,20166
776,HINDZINC,Basic Materials,Other Industrial Metals & Mining,110.38,62,72,53,84,551.0,2247658493628.601,-24.83,2794954,4077496,5282385
777,DEVX,Real Estate,Real Estate Services,110.36,62,12,7,25,40.37,3208023418.896904,-36.97,132529,136753,129997
778,ORIENTCER,Basic Materials,Specialty Chemicals,110.35,62,71,53,72,42.87,4877690238.7664795,-24.31,73869,100833,93759
779,ORTINGLOBE,Healthcare,Drug Manufacturers - Specialty & Generic,110.33,62,47,79,89,14.9,123109277.6716919,-30.05,9367,13704,14902
780,NOCIL,Basic Materials,Specialty Chemicals,110.31,62,74,52,71,172.82,26742361644.243927,-15.49,2153816,1782170,1520465
781,COALINDIA,Energy,Thermal Coal,110.3,62,58,64,80,414.5,2633950049345.491,-15.62,5597855,9167778,8261182
782,MANAKCOAT,Industrials,Metal Fabrication,110.17,62,57,45,29,129.25,13438022623.036575,-29.3,283797,423468,432715
783,WIPL,Basic Materials,Lumber & Wood Production,110.14,62,59,69,67,163.27,1400920319.678955,-15.49,952,1017,1702
784,GOACARBON,Basic Materials,Specialty Chemicals,110.1,62,51,54,30,407.8,3437592627.946411,-19.22,21612,84433,55754
785,IKS,Healthcare,Health Information Services,110.03,61,68,80,43,1737.4,295203779775.24365,-10.12,276211,205043,186216
786,HCG,Healthcare,Medical Care Facilities,109.85,61,66,64,42,657.6,99517381587.11334,-18.28,77073,124880,148012
787,CARRARO,Consumer Cyclical,Auto Parts,109.79,61,62,65,94,533.85,30358721292.0,-20.03,114673,138026,144855
788,CCL,Consumer Defensive,Packaged Foods,109.77,61,61,85,93,1052.3,157810732865.24524,-15.29,156351,145950,151297
789,ETHOSLTD,Consumer Cyclical,Luxury Goods,109.7,61,67,55,30,2634.8,68574616926.92798,-18.83,60897,44966,98162
790,BLACKBUCK,Technology,Software - Application,109.62,61,47,51,82,616.4,98236436518.85742,-17.59,502701,702703,694767
791,LUMAXIND,Consumer Cyclical,Auto Parts,109.57,61,78,69,94,5401.5,48066037944.0,-22.11,10881,16470,20163
792,MANAPPURAM,Financial Services,Credit Services,109.49,61,65,78,72,308.9,331538688667.40515,-13.4,5094375,4362171,5763500
793,BAJAJ-AUTO,Consumer Cyclical,Auto Manufacturers,109.48,61,80,73,76,9884.0,3056050168290.0,-12.77,375828,267148,252050
794,NIBL,Industrials,Tools & Accessories,109.42,61,55,68,80,31.37,896049425.9080887,-23.11,15470,31391,28437
795,BANSALWIRE,Basic Materials,Steel,109.4,61,56,48,47,324.0,50724128448.0,-22.58,137225,87314,108060
796,PRITIKAUTO,Industrials,Specialty Industrial Machinery,109.27,61,58,83,35,16.18,3142094026.29,-22.92,417998,242006,178391
797,NAUKRI,Communication Services,Internet Content & Information,109.22,61,74,49,17,1225.3,754937983989.0,-14.78,1506520,1351915,1598538
798,ESABINDIA,Industrials,Tools & Accessories,109.15,61,65,61,80,5627.0,86962866490.0,-23.12,2451,3833,6023
799,NESTLEIND,Consumer Defensive,Packaged Foods,109.13,61,65,75,77,1324.0,2783521720920.0,-12.32,1127685,1146844,1485596
800,MARICO,Consumer Defensive,Household & Personal Products,109.1,61,59,74,70,787.25,1108759213719.7815,-9.82,1420126,1726777,1637906
801,ZENTEC,Industrials,Aerospace & Defense,109.07,61,69,79,87,1580.2,159073506003.6914,-21.93,195912,264383,374986
802,UNITDSPR,Consumer Defensive,Beverages - Wineries & Distilleries,109.04,61,60,62,64,1344.0,1041793252610.926,-9.68,1485855,867007,736199
803,AIIL,Financial Services,Capital Markets,108.98,61,41,38,42,549.65,451023642316.95557,-19.52,143242,455195,471326
804,TNPL,Basic Materials,Paper & Paper Products,108.83,61,60,47,54,143.35,10364287350.0,-20.32,163470,351474,294765
805,SHIVATEX,Consumer Cyclical,Textile Manufacturing,108.83,61,66,25,29,166.41,2128469402.6828613,-23.64,1733,8857,7322
806,SIMPLEXINF,Industrials,Engineering & Construction,108.79,60,59,63,33,255.77,18923561530.5,-22.49,160658,141446,131086
807,PERSISTENT,Technology,Information Technology Services,108.67,60,60,35,35,5507.0,812479544322.0,-16.55,380066,443345,481342
808,NATIONALUM,Basic Materials,Aluminum,108.64,60,80,85,99,321.3,631617660339.3892,-27.82,5070754,4773241,6400202
809,HMAAGRO,Consumer Defensive,Packaged Foods,108.63,60,7,12,25,24.91,10686426968.211403,-27.25,1573945,3560861,3359409
810,SOUTHWEST,Energy,Oil & Gas Equipment & Services,108.62,60,70,83,98,193.95,7629657718.953461,-29.47,118041,222916,242655
811,WONDERLA,Consumer Cyclical,Leisure,108.57,60,46,18,37,519.6,29729421562.5,-21.15,46599,64653,128580
812,BALUFORGE,Industrials,Metal Fabrication,108.57,60,56,22,30,507.5,49860488541.85486,-27.19,445782,972271,1664230
813,RPSGVENT,Technology,Information Technology Services,108.56,60,54,61,88,870.15,29577595729.43683,-26.2,37089,30634,31711
814,TECHM,Technology,Information Technology Services,108.52,60,60,54,53,1491.1,1381481791531.5,-19.57,1957397,1858712,2199847
815,SHRINGARMS,Consumer Cyclical,Luxury Goods,108.47,60,61,69,58,221.03,21182271045.944824,-17.06,778636,463943,483847
816,ARVSMART,Real Estate,Real Estate - Development,108.44,60,63,52,54,612.5,27923816255.300354,-8.45,753108,297725,370606
817,RAJOOENG,Industrials,Specialty Industrial Machinery,108.41,60,24,1,12,62.37,10175558072.66843,-34.39,561005,352386,261764
818,GRASIM,Basic Materials,Building Materials,108.4,60,69,71,60,2921.1,2095394001240.1792,-10.01,583837,758605,894868
819,POLYCAB,Industrials,Electrical Equipment & Parts,108.36,60,56,82,85,8310.0,1341781734597.5,-17.93,467058,418869,352030
820,IMAGICAA,Communication Services,Entertainment,108.26,60,74,31,25,48.72,26403095030.676395,-25.61,609749,2424702,1796020
821,LINCOLN,Healthcare,Drug Manufacturers - Specialty & Generic,108.25,60,64,70,86,563.85,11617242240.0,-26.77,22948,31237,52933
822,SUNPHARMA,Healthcare,Drug Manufacturers - Specialty & Generic,108.22,60,59,77,62,1781.0,4657349051689.486,-9.43,1509297,1505517,1671031
823,JINDALSTEL,Basic Materials,Steel,108.21,60,54,44,92,1061.0,1053914220554.636,-18.77,1068644,841922,822361
824,PIDILITIND,Basic Materials,Specialty Chemicals,108.19,60,57,66,49,1488.5,1598846882521.5972,-8.5,721910,649852,797106
825,AGARWALEYE,Healthcare,Medical Instruments & Supplies,108.17,60,71,65,45,483.25,151823837103.72574,-14.92,319725,376792,1307316
826,FIVESTAR,Financial Services,Credit Services,107.93,59,67,57,27,509.35,157984604076.96875,-26.73,723191,637755,562555
827,SKMEGGPROD,Consumer Defensive,Packaged Foods,107.92,59,81,98,86,215.37,17122580469.75,-42.1,164679,197602,309715
828,ASTRAL,Industrials,Building Products & Equipment,107.86,59,43,33,77,1427.7,394405297741.4581,-19.28,406838,916231,942748
829,KEI,Industrials,Electrical Equipment & Parts,107.84,59,52,77,91,4677.7,465383696460.0,-18.05,262186,519580,528397
830,ISGEC,Industrials,Specialty Industrial Machinery,107.79,59,17,34,80,901.75,62911846960.84595,-21.68,99707,82315,86591
831,DHARMAJ,Basic Materials,Agricultural Inputs,107.66,59,47,34,72,267.35,8819404803.764648,-30.83,70896,58937,68353
832,KNAGRI,Consumer Defensive,Farm Products,107.65,59,54,50,62,205.9,5340767117.141876,-22.3,5277,11015,14851
833,TEMBO,Industrials,Metal Fabrication,107.63,59,45,45,82,56.42,8203774616.015869,-93.26,1973957,1713047,2215266
834,RAMCOSYS,Technology,Software - Application,107.53,59,75,97,51,574.35,26720329617.888794,-40.64,49421,72770,161515
835,VHL,Financial Services,Credit Services,107.5,59,57,49,42,3598.8,11180908224.636719,-15.82,730,701,823
836,BLUEJET,Healthcare,Biotechnology,107.48,59,68,73,3,541.35,98337553667.49573,-34.38,332445,385034,690321
837,INDIANB,Financial Services,Banks - Regional,107.48,59,62,63,91,828.3,1112726911819.2373,-17.24,863622,934720,1086321
838,HINDALCO,Basic Materials,Aluminum,107.48,59,70,72,94,910.85,2092862370040.7793,-22.55,3673036,3377017,3974548
839,GPTHEALTH,Healthcare,Medical Care Facilities,107.46,59,69,67,42,146.34,13099231893.63771,-20.9,75133,105037,142026
840,INDIANHUME,Industrials,Engineering & Construction,107.39,59,77,71,21,355.45,20395746933.955994,-18.42,69565,53852,56934
841,INDOCO,Healthcare,Drug Manufacturers - Specialty & Generic,107.35,59,44,56,24,246.55,22436923102.324905,-25.78,2212302,1929968,1194646
842,GULPOLY,Basic Materials,Chemicals,107.35,59,58,72,83,166.63,12133229387.25,-24.86,71212,109949,311654
843,JSWDULUX,n/a,n/a,107.31,59,48,39,36,3028.1,134066125937.30371,-21.71,51022,31240,25413
844,MANAKALUCO,Basic Materials,Aluminum,107.29,59,80,77,51,32.21,2308764551.5008926,-52.72,39025,62955,118808
845,MUNJALSHOW,Consumer Cyclical,Auto Parts,107.24,59,52,61,73,125.58,5432121192.932129,-17.38,26026,29423,60969
846,AVONMORE,Financial Services,Capital Markets,107.23,58,54,1,2,12.8,2649714814.8704424,-46.44,170609,240223,302880
847,SANDHAR,Consumer Cyclical,Auto Parts,107.23,58,66,81,55,561.3,35836170583.96527,-26.45,105292,121959,207600
848,BAJAJHLDNG,Financial Services,Asset Management,107.22,58,54,40,31,10662.0,1188503393290.0,-27.78,41447,42156,42550
849,BLKASHYAP,Industrials,Engineering & Construction,107.17,58,56,61,53,53.94,12302320490.132965,-32.58,576512,783807,642817
850,CHALET,Consumer Cyclical,Lodging,107.12,58,64,55,39,847.4,178348822375.3363,-21.68,215881,200570,185230
851,GENUSPOWER,Industrials,Electrical Equipment & Parts,107.06,58,63,63,56,301.05,87294571922.22488,-23.59,1734155,2040989,2181986
852,JAGRAN,Communication Services,Publishing,107.06,58,52,63,52,62.05,13679570663.085938,-21.36,125125,155792,174730
853,PTL,Real Estate,Real Estate Services,107.05,58,48,61,71,38.2,5197120797.809601,-12.73,29944,31451,34248
854,SURYODAY,Financial Services,Banks - Regional,107.04,58,60,87,75,155.54,20524565663.1416,-28.65,255643,223694,401763
855,CLEAN,Basic Materials,Specialty Chemicals,107.02,58,46,17,6,813.7,76629696920.0,-35.26,235198,318692,423833
856,SILINV,Financial Services,Asset Management,107.01,58,54,16,27,464.1,4396752236.343994,-39.49,2018,1962,2366
857,MARSONS,Industrials,Electrical Equipment & Parts,106.99,58,59,9,85,132.45,18917231684.87549,-24.49,3680583,3628869,3096775
858,DIXON,Technology,Consumer Electronics,106.97,58,64,64,23,13024.0,841863010478.0,-29.49,241414,282707,334428
859,BTML,Communication Services,Entertainment,106.94,58,62,16,11,7.14,1264616534.8512201,-32.0,396767,524798,986191
860,AFSL,Financial Services,Capital Markets,106.93,58,46,42,64,201.0,10218791559.0,-14.83,7594,7996,14548
861,ELECTCAST,Industrials,Building Products & Equipment,106.82,58,47,30,32,78.73,44571108067.82517,-31.98,7047871,3876390,2944218
862,EQUITASBNK,Financial Services,Banks - Regional,106.8,58,69,85,68,68.92,89612837280.04639,-17.85,1953042,1636916,1786135
863,SIGNPOST,Communication Services,Advertising Agencies,106.79,58,61,89,76,267.45,16537429673.76709,-20.59,44000,218628,169780
864,APOLSINHOT,Industrials,Specialty Business Services,106.65,58,38,50,36,1178.3,3050269200.0,-20.98,768,843,889
865,APOLLOHOSP,Healthcare,Medical Care Facilities,106.65,58,70,79,70,7917.0,1266095797213.5,-12.12,742143,426552,420389
866,HIKAL,Healthcare,Drug Manufacturers - Specialty & Generic,106.65,58,73,65,5,225.24,26805582297.431946,-33.06,608896,2654946,1753100
867,INDUSTOWER,Communication Services,Telecom Services,106.64,58,42,58,67,385.05,1040635112754.5292,-20.03,5097050,4595046,4851931
868,DLF,Real Estate,Real Estate - Development,106.6,57,55,49,29,656.0,1597071142927.4072,-20.04,3854154,3550854,3403329
869,IRMENERGY,Utilities,Utilities - Regulated Gas,106.55,57,60,55,31,263.0,10451740905.65419,-33.08,41919,53356,108598
870,BHARATSE,Consumer Cyclical,Auto Parts,106.54,57,82,94,94,204.59,13699191961.669922,-22.26,77714,140058,266973
871,SHEMAROO,Communication Services,Entertainment,106.54,57,68,73,49,111.11,3495040873.3500004,-22.3,13061,8934,10213
872,TRITURBINE,Industrials,Specialty Industrial Machinery,106.48,57,54,73,73,531.45,194488144271.64606,-32.52,355713,471594,592115
873,IDBI,Financial Services,Banks - Regional,106.47,57,36,52,12,85.67,913201520004.1227,-27.63,10424320,13716111,12287723
874,MOTOGENFIN,Real Estate,Real Estate Services,106.45,57,62,70,65,25.3,1223986222.8449821,-22.91,23446,57910,37524
875,STARTECK,Financial Services,Credit Services,106.44,57,29,52,21,273.7,2638129966.975708,-23.07,8624,3809,5322
876,INDUSINDBK,Financial Services,Banks - Regional,106.42,57,74,79,66,874.9,776055168118.7021,-18.83,2377210,1991909,1638253
877,ZYDUSWELL,Consumer Defensive,Packaged Foods,106.33,57,77,84,86,507.55,179140389512.20215,-17.05,141552,443773,411942
878,CARERATING,Financial Services,Financial Data & Stock Exchanges,106.33,57,60,59,71,1595.9,50546405280.0,-13.17,36805,54598,52415
879,CAPITALSFB,Financial Services,Banks - Regional,106.31,57,51,72,50,274.2,13275834020.0,-15.98,59231,34424,29515
880,SIGMA,Technology,Information Technology Services,106.3,57,65,12,75,45.71,3912643457.235565,-30.21,83183,106426,372559
881,SUPRAJIT,Consumer Cyclical,Auto Parts,106.29,57,60,73,58,465.15,66456535844.25256,-10.14,60009,81195,116838
882,MAMATA,Industrials,Specialty Industrial Machinery,106.28,57,65,31,59,395.95,9731154810.388184,-26.81,116368,77677,80038
883,ALLCARGO,Industrials,Integrated Freight & Logistics,106.26,57,72,0,0,10.28,12072095088.632858,-71.87,5211085,11015690,25028645
884,CREST,Financial Services,Financial Conglomerates,106.22,57,45,54,56,362.85,10676361262.553406,-13.19,2925,3923,4306
885,PPL,Industrials,Building Products & Equipment,106.15,57,70,62,11,247.6,6043950505.540314,-25.96,31578,27622,28663
886,SUPREMEIND,Industrials,Building Products & Equipment,106.11,57,38,33,59,3550.0,439563191020.66895,-23.9,146940,173772,172264
887,PAGEIND,Consumer Cyclical,Apparel Manufacturing,106.1,56,37,58,52,37570.0,449222275350.0,-23.47,26318,22079,26905
888,DRREDDY,Healthcare,Drug Manufacturers - Specialty & Generic,106.1,56,27,53,65,1203.8,959366143400.2683,-14.92,2452029,1671040,1708182
889,5PAISA,Financial Services,Capital Markets,106.03,56,55,72,32,348.0,17490651072.828278,-13.0,255742,113613,99039
890,INDIGO,Industrials,Airlines,105.97,56,50,56,36,4990.0,1927532986045.0,-19.94,579107,596282,564824
891,OBEROIRLTY,Real Estate,Real Estate - Development,105.96,56,66,71,69,1736.0,662192376270.3845,-12.59,366856,423699,440989
892,TREL,Real Estate,Real Estate Services,105.94,56,50,22,41,26.71,5975315068.6996765,-26.11,113622,174727,164100
893,ALLDIGI,Industrials,Specialty Business Services,105.91,56,51,51,64,783.8,12537332716.5,-27.69,5152,5682,8846
894,VIMTALABS,Healthcare,Diagnostics & Research,105.85,56,64,64,32,567.2,25491644932.294434,-37.16,139448,239314,223416
895,TIMKEN,Industrials,Tools & Accessories,105.81,56,39,47,85,3132.0,235208981218.0,-20.2,38084,36853,38912
896,JUBLPHARMA,Healthcare,Drug Manufacturers - Specialty & Generic,105.73,56,56,54,27,974.6,152899048761.92578,-21.91,267008,267598,308341
897,ICICIBANK,Financial Services,Banks - Regional,105.68,56,57,57,56,1357.5,10278588732545.732,-9.17,10809236,9466539,9415424
898,MANGALAM,Healthcare,Drug Manufacturers - Specialty & Generic,105.65,56,30,1,0,33.09,430844899.6916046,-64.45,42045,68688,59225
899,GLFL,Financial Services,Shell Companies,105.57,56,31,58,64,5.43,152446807.43570232,-41.86,11536,8286,6831
900,KIRLOSIND,Industrials,Metal Fabrication,105.55,56,71,75,43,3531.2,39858985477.468506,-22.81,5491,27875,20652
901,IONEXCHANG,Industrials,Pollution & Treatment Controls,105.5,56,74,68,56,402.4,52257735045.30792,-17.2,169700,481653,442391
902,ADL,Consumer Cyclical,"Furnishings, Fixtures & Appliances",105.49,56,45,28,47,72.29,409063700.60920715,-34.22,1530,1022,1116
903,ESTER,Basic Materials,Specialty Chemicals,105.46,56,35,24,25,94.55,9233239940.946716,-28.61,496647,205832,248377
904,PENIND,Industrials,Specialty Industrial Machinery,105.45,56,50,22,26,180.85,21974643761.852142,-35.39,707442,593169,521540
905,KIMS,Healthcare,Medical Care Facilities,105.43,56,58,79,67,693.95,319250839520.73303,-19.12,707022,566982,602333
906,SIL,Consumer Cyclical,Textile Manufacturing,105.43,56,79,52,49,15.62,1022186894.5755892,-23.77,56159,53861,120159
907,MUKTAARTS,Communication Services,Entertainment,105.42,56,49,32,4,56.5,1290066624.0,-22.28,4628,3747,3447
908,BAJFINANCE,Financial Services,Credit Services,105.29,56,66,67,57,963.85,6297465077198.989,-12.58,7597563,6083478,6796289
909,AIROLAM,Consumer Cyclical,"Furnishings, Fixtures & Appliances",105.24,55,32,31,32,91.07,1288371718.7957764,-27.14,6400,4411,4189
910,NDL,Consumer Cyclical,Textile Manufacturing,105.19,55,58,11,40,2.6,3329799498.318329,-31.58,982451,1115311,1544891
911,HONAUT,Industrials,Electrical Equipment & Parts,105.19,55,56,73,45,33345.0,330404621855.0,-17.63,5243,4035,4999
912,EXCELINDUS,Basic Materials,Specialty Chemicals,105.07,55,53,24,39,923.9,11717770854.70166,-35.84,13082,10120,33298
913,SANDESH,Communication Services,Publishing,105.05,55,50,35,36,1002.05,7410463159.0,-30.34,548,864,3718
914,ZUARIIND,Industrials,Conglomerates,105.04,55,50,39,51,281.45,7653764288.0,-32.34,88153,69081,76842
915,XPROINDIA,Basic Materials,Specialty Chemicals,105.01,55,82,88,51,1130.0,32534654858.184814,-28.24,43105,116198,118180
916,PHOENIXLTD,Real Estate,Real Estate - Diversified,104.98,55,66,83,76,1845.5,719142728098.3352,-14.95,386194,397449,393459
917,IZMO,Technology,Software - Application,104.92,55,54,95,95,889.95,16526165192.0,-35.26,63160,133942,119221
918,TGBHOTELS,Consumer Cyclical,Lodging,104.91,55,52,20,51,9.4,250691596.2890625,-29.85,18618,24682,26013
919,WHIRLPOOL,Consumer Cyclical,"Furnishings, Fixtures & Appliances",104.89,55,23,10,43,845.5,97912698613.77057,-41.16,4707427,2306764,1522837
920,SAGILITY,Healthcare,Health Information Services,104.74,55,61,39,30,43.11,189219285881.69165,-25.53,9734916,16127511,18552158
921,MASKINVEST,Financial Services,Capital Markets,104.72,55,47,59,38,144.99,463065125.0,-41.08,146,255,217
922,EICHERMOT,Consumer Cyclical,Auto Manufacturers,104.69,55,61,68,78,6960.0,2093867158840.0,-15.43,360207,399576,421507
923,RVTH,Industrials,Farm & Heavy Construction Machinery,104.69,55,60,40,7,726.75,2101009264.711731,-44.1,5616,2773,2084
924,SUPERHOUSE,Consumer Cyclical,Footwear & Accessories,104.66,55,69,53,63,154.93,1708544263.458252,-23.28,3977,9009,7584
925,TITAGARH,Industrials,Railroads,104.65,55,65,68,33,799.75,110358420831.5669,-17.64,357529,550366,482923
926,GMRP&UI,Energy,Thermal Coal,104.61,55,22,34,53,101.58,76219497794.93839,-25.83,1898846,1871965,1462140
927,KOTHARIPET,Basic Materials,Specialty Chemicals,104.6,55,60,45,53,126.56,7757132879.003906,-27.26,43113,80867,100699
928,SURYALAXMI,Consumer Cyclical,Textile Manufacturing,104.54,54,53,50,51,56.64,1081492196.3359451,-24.08,3034,5457,5617
929,STEELCITY,Financial Services,Capital Markets,104.54,54,47,23,40,81.54,1123363593.420639,-29.71,6005,14396,26557
930,AIAENG,Industrials,Specialty Industrial Machinery,104.54,54,67,87,79,3858.0,427687255710.0,-25.52,62951,54649,56431
931,NIMBSPROJ,n/a,n/a,104.53,54,3,58,58,191.61,3583432261.270981,-17.13,29895,58365,42442
932,SBIN,Financial Services,Banks - Regional,104.4,54,56,66,88,954.0,9369076849790.0,-22.73,9840565,7789843,8778302
933,JUSTDIAL,Communication Services,Internet Content & Information,104.36,54,66,76,3,657.4,61996492914.59619,-25.18,73483,202225,202129
934,CINEVISTA,Communication Services,Entertainment,104.29,54,29,43,43,15.37,878203700.5589724,-32.59,40479,24450,18859
935,JSL,Basic Materials,Steel,104.28,54,51,43,77,732.15,588506161792.0,-17.18,835806,1048045,775660
936,LAL,Consumer Cyclical,Apparel Manufacturing,104.27,54,65,46,11,8.61,1447532317.1481295,-32.58,33452,62912,109113
937,KREBSBIO,Healthcare,Drug Manufacturers - Specialty & Generic,104.2,54,33,14,30,59.72,1118994446.2988434,-27.6,88908,41685,27346
938,HBSL,Financial Services,Capital Markets,104.19,54,25,3,22,58.61,360452082.5,-46.13,3127,2925,3846
939,GARUDA,Industrials,Engineering & Construction,104.15,54,50,70,81,172.55,16253462137.13269,-30.79,337369,841904,944299
940,ATL,Industrials,Integrated Freight & Logistics,104.14,54,52,17,44,25.67,6657311001.760305,-36.63,239928,229008,245702
941,NIVABUPA,Financial Services,Insurance - Life,104.12,54,51,64,55,77.38,160217606899.2373,-15.15,2178195,1129033,1381230
942,ABBOTINDIA,Healthcare,Drug Manufacturers - Specialty & Generic,104.1,54,37,46,25,26095.0,595086702510.0,-26.1,7263,8032,8545
943,BAIDFIN,Financial Services,Credit Services,104.05,54,57,37,73,10.21,1527196681.8433886,-21.34,60004,138318,105393
944,HEROMOTOCO,Consumer Cyclical,Auto Manufacturers,104.05,54,48,45,75,5004.0,1002685741152.126,-21.67,497123,538619,604397
945,LICHSGFIN,Financial Services,Mortgage Finance,104.02,54,57,53,58,515.4,296456460564.6362,-15.85,2527540,3424977,3002482
946,TATACOMM,Communication Services,Telecom Services,104.01,54,52,71,29,1659.6,505990248416.53345,-21.35,186944,236265,236969
947,NIBE,Industrials,Conglomerates,103.95,54,66,87,21,1270.1,23319317880.82251,-31.27,63741,55736,67262
948,LOTUSEYE,Healthcare,Medical Care Facilities,103.93,54,28,80,87,114.84,2530913731.001892,-21.88,6144,10383,10357
949,ALKEM,Healthcare,Drug Manufacturers - Specialty & Generic,103.92,54,41,59,74,5350.5,673569427500.0,-9.83,148938,147296,141127
950,TEXRAIL,Industrials,Railroads,103.85,53,51,46,11,114.74,44787652830.75128,-25.45,4633344,3523021,2662802
951,GOKUL,Consumer Defensive,Packaged Foods,103.85,53,60,56,58,38.97,3888523479.156494,-15.43,164696,184294,183088
952,DIAMONDYD,Consumer Defensive,Packaged Foods,103.84,53,63,77,36,1079.2,26566401607.982666,-12.18,29424,19488,41838
953,ATUL,Basic Materials,Specialty Chemicals,103.83,53,46,41,75,5999.5,188648045162.5,-16.44,30059,28286,34903
954,SHIVAMILLS,Consumer Cyclical,Textile Manufacturing,103.8,53,44,46,39,58.33,535619255.88409424,-24.26,1601,1426,1966
955,AXISBANK,Financial Services,Banks - Regional,103.73,53,47,60,79,1242.5,3818232557131.8594,-12.4,6769847,5135237,5078012
956,NAHARCAP,Financial Services,Capital Markets,103.72,53,54,38,56,241.99,4108337180.7731476,-23.64,3761,3086,5229
957,POLYMED,Healthcare,Medical Instruments & Supplies,103.65,53,61,55,12,1615.0,168861883008.0,-24.71,109710,136649,160174
958,360ONE,Financial Services,Asset Management,103.64,53,48,49,47,1063.0,448513956367.83545,-14.01,926712,882389,883448
959,MODTHREAD,Consumer Cyclical,Textile Manufacturing,103.63,53,63,58,79,45.21,1657384120.2937317,-27.08,3651,5728,16447
960,BANARISUG,Consumer Defensive,Confectioners,103.63,53,53,47,63,3375.3,43911522072.29004,-12.81,1085,1619,3461
961,JUNIPER,Consumer Cyclical,Lodging,103.63,53,40,14,13,216.34,42958536908.53613,-31.09,86920,184420,259964
962,HEXATRADEX,Financial Services,Credit Services,103.62,53,42,43,55,157.01,8565138537.254395,-19.44,2432,1894,2359
963,GROBTEA,Consumer Defensive,Farm Products,103.57,53,52,37,43,899.5,1045864519.8114014,-27.24,115,254,243
964,BANKINDIA,Financial Services,Banks - Regional,103.55,53,55,70,82,133.55,649301468819.0964,-25.12,6307730,5231485,5606376
965,SMLT,Industrials,Metal Fabrication,103.52,53,9,13,11,73.94,914338415.0333405,-40.65,76787,30319,21212
966,HYBRIDFIN,Financial Services,Capital Markets,103.5,53,55,43,92,17.84,511013734.0,-46.94,15811,8590,8691
967,SESHAPAPER,Basic Materials,Paper & Paper Products,103.47,53,49,22,72,231.31,14520177602.743835,-21.08,55569,59708,63141
968,BHARTIARTL,Communication Services,Telecom Services,103.46,53,44,53,47,1833.9,11842220489408.822,-15.66,6390453,6153870,6234775
969,SFL,Consumer Cyclical,"Furnishings, Fixtures & Appliances",103.42,53,59,89,31,620.05,83207466435.34827,-25.2,123410,236923,268694
970,JUBLFOOD,Consumer Cyclical,Restaurants,103.32,53,42,14,19,460.6,275072383465.25,-31.3,1232197,1048273,2151159
971,RUDRA,Basic Materials,Steel,103.29,52,40,4,29,19.46,1774078909.662506,-34.48,84590,116895,199734
972,TRENT,Consumer Cyclical,Apparel Retail,103.29,52,23,23,16,2890.3,1541307966040.5,-49.06,1429524,901595,951404
973,BEDMUTHA,Basic Materials,Steel,103.28,52,35,27,30,110.08,3448686541.067688,-33.24,7129,5466,4913
974,RAMANEWS,Consumer Defensive,Beverages - Non-Alcoholic,103.26,52,60,28,79,28.98,4299719843.04174,-31.0,15067,22705,36464
975,FSL,Technology,Information Technology Services,103.15,52,40,37,5,259.2,175105934016.68784,-32.04,1175100,2075106,3821228
976,POWERMECH,Industrials,Engineering & Construction,103.1,52,42,51,52,2429.3,82000018018.72852,-25.48,65329,53798,60818
977,ROSSELLIND,Industrials,Conglomerates,103.04,52,59,53,36,52.26,2221830184.7317696,-26.71,20704,128347,97618
978,TIMETECHNO,Consumer Cyclical,Packaging & Containers,103.02,52,46,47,59,183.62,99349053665.91988,-26.3,2410360,2475283,2778594
979,CHEMPLASTS,Basic Materials,Chemicals,103.02,52,2,2,5,228.22,31983984662.93332,-50.47,929295,1391542,967771
980,JAYSREETEA,Consumer Defensive,Farm Products,102.99,52,62,29,54,83.41,2329835740.65271,-27.6,26563,47082,94252
981,MAHLIFE,Real Estate,Real Estate - Development,102.88,52,56,67,35,351.1,79928846872.6094,-17.78,115202,93683,110692
982,OSWALSEEDS,Basic Materials,Agricultural Inputs,102.87,52,46,13,26,12.2,917444075.5748749,-39.84,110465,238146,266678
983,BFINVEST,Financial Services,Asset Management,102.85,52,62,72,51,439.1,17328991801.590088,-24.9,12261,22560,31191
984,VIVIANA,n/a,n/a,102.83,52,39,14,59,817.85,7798425597.412109,-56.03,42209,28632,25116
985,DLINKINDIA,Technology,Communication Equipment,102.81,52,48,64,68,419.2,16055293603.408813,-23.67,41278,60126,123668
986,LAGNAM,Consumer Cyclical,Textile Manufacturing,102.75,52,46,64,22,72.26,1595687346.862793,-31.7,2945,5841,8875
987,TATASTEEL,Basic Materials,Steel,102.74,52,56,57,90,175.64,2278232380447.405,-21.73,20993835,26248693,25028495
988,VRAJ,Basic Materials,Steel,102.74,52,44,20,32,121.86,4261684551.64093,-29.23,12326,16111,17758
989,VBL,Consumer Defensive,Beverages - Non-Alcoholic,102.7,52,17,53,61,440.75,1546462990826.6548,-20.7,5323171,5711009,5534552
990,PATINTLOG,Industrials,Integrated Freight & Logistics,102.69,52,54,76,21,13.11,939679343.4764271,-22.43,127313,90176,77590
991,NIITLTD,Consumer Defensive,Education & Training Services,102.67,51,65,69,4,84.99,12930179430.39077,-32.01,119720,262864,325050
992,PRINCEPIPE,Industrials,Building Products & Equipment,102.65,51,56,41,44,256.65,28884084527.480957,-28.31,98887,157635,202704
993,MANAKSIA,Industrials,Metal Fabrication,102.63,51,68,31,34,58.26,3658110651.000595,-29.81,41421,90123,62284
994,BIOCON,Healthcare,Biotechnology,102.59,51,49,79,56,360.0,706109569111.7338,-19.49,2497607,2943011,3129055
995,CIPLA,Healthcare,Drug Manufacturers - Specialty & Generic,102.56,51,41,62,24,1327.2,1139546583026.814,-20.67,943141,862795,842798
996,NUVOCO,Basic Materials,Building Materials,102.51,51,51,49,25,324.75,127165443915.83368,-31.99,317076,374882,324154
997,KKCL,Consumer Cyclical,Apparel Manufacturing,102.5,51,59,51,55,475.55,30954329673.23944,-20.08,31540,29546,46827
998,POONAWALLA,Financial Services,Credit Services,102.47,51,61,62,45,448.9,402551115271.2799,-21.3,928405,1090492,1190318
999,GRPLTD,Consumer Cyclical,Auto Parts,102.45,51,67,32,41,1847.0,10706663990.0,-27.6,1071,1750,1992
1000,ENDURANCE,Consumer Cyclical,Auto Parts,102.44,51,57,61,56,2513.4,370505941632.0,-18.39,93335,86161,119280
1001,TEAMGTY,Financial Services,Asset Management,102.35,51,33,45,82,238.95,2038926752.257965,-28.15,298,1288,3441
1002,FEDFINA,Financial Services,Credit Services,102.35,51,68,66,77,148.56,56442838379.714264,-16.76,813029,811073,863463
1003,ASTERDM,Healthcare,Medical Care Facilities,102.32,51,66,85,82,680.3,683901125343.067,-18.67,1519209,1252007,3002579
1004,GANECOS,Consumer Cyclical,Textile Manufacturing,102.28,51,60,58,61,998.9,32366894691.38794,-33.38,49415,84852,101564
1005,DEEPAKNTR,Basic Materials,Chemicals,102.23,51,52,56,48,1553.9,224993957103.69177,-18.93,125661,236750,374195
1006,SCHAEFFLER,Consumer Cyclical,Auto Parts,102.16,51,48,60,77,3797.0,642048615787.0605,-15.01,47533,49243,56592
1007,PNGJL,Consumer Cyclical,Luxury Goods,102.14,51,58,39,80,597.05,87803291451.0,-18.92,414061,455744,482047
1008,3MINDIA,Industrials,Conglomerates,102.12,51,53,78,64,30825.0,399909985000.0,-18.95,6674,4890,4574
1009,NAVA,Industrials,Conglomerates,102.11,51,36,41,89,570.45,157149923803.0962,-22.85,325617,259616,294273
1010,SIRCA,Basic Materials,Specialty Chemicals,102.1,51,45,24,73,413.7,22400227379.88098,-23.25,128023,212796,335194
1011,CYBERTECH,Technology,Information Technology Services,102.03,51,59,49,40,137.7,4333153043.1180725,-35.52,38376,22931,17817
1012,BCPL,Industrials,Infrastructure Operations,101.98,50,42,55,60,66.43,1177176868.6127014,-27.79,13278,12351,11844
1013,PINELABS,Technology,Software - Infrastructure,101.96,50,39,5,16,177.67,168082505857.52274,-37.44,18665579,38264280,32485236
1014,LT,Industrials,Engineering & Construction,101.82,50,50,51,77,3701.5,5207960510585.353,-16.63,1733261,1448002,1464168
1015,JUBLCPL,Basic Materials,Specialty Chemicals,101.75,50,61,59,72,1988.0,28054840789.5,-34.03,7536,8755,18865
1016,TPLPLASTEH,Consumer Cyclical,Packaging & Containers,101.74,50,49,72,52,68.6,5998430819.023132,-24.06,308878,192165,170260
1017,TRACXN,Technology,Software - Application,101.74,50,10,5,7,33.89,3175482174.87241,-42.95,201918,218178,182381
1018,INTLCONV,Industrials,Specialty Industrial Machinery,101.74,50,42,38,41,80.17,4786764244.644165,-30.01,49513,53000,57684
1019,IMPAL,Consumer Cyclical,Auto Parts,101.73,50,65,70,64,1000.2,13429727695.3125,-19.27,2803,2860,2528
1020,DOLLAR,Consumer Cyclical,Apparel Manufacturing,101.7,50,38,15,11,278.95,14632758960.0,-29.56,95763,81645,120853
1021,AMBICAAGAR,Consumer Defensive,Household & Personal Products,101.65,50,51,49,38,23.53,423251125.5157471,-23.6,26676,38702,25222
1022,LOYALTEX,Consumer Cyclical,Textile Manufacturing,101.64,50,44,26,22,208.02,987612266.9986267,-45.19,1027,2473,2059
1023,SARDAEN,Basic Materials,Steel,101.64,50,47,38,83,499.35,176983492857.5,-21.95,228189,480673,905142
1024,TFL,Financial Services,Mortgage Finance,101.61,50,31,7,22,12.16,573759571.1299362,-34.27,5084,7582,9513
1025,VGUARD,Industrials,Electrical Equipment & Parts,101.6,50,51,30,57,302.15,127047913460.85724,-25.43,335794,445561,1356370
1026,MONTECARLO,Consumer Cyclical,Apparel Manufacturing,101.59,50,41,32,42,525.7,11135191068.246094,-38.94,28492,55711,68959
1027,JAIBALAJI,Basic Materials,Steel,101.57,50,41,13,18,67.37,61011373132.826614,-38.6,454284,781951,746089
1028,SILGO,Consumer Cyclical,Luxury Goods,101.53,50,48,71,89,70.16,1937909144.8763428,-18.61,44723,99234,135717
1029,ROTO,Industrials,Specialty Industrial Machinery,101.52,50,49,51,28,62.35,12861072186.786667,-34.3,462281,401446,433075
1030,ANIKINDS,Consumer Defensive,Food Distribution,101.51,50,30,11,2,45.65,1173139865.9245377,-56.02,10856,9946,10367
1031,BHAGCHEM,Basic Materials,Agricultural Inputs,101.46,50,62,81,39,235.82,34161320708.87451,-27.44,97637,77667,117907
1032,KICL,Financial Services,Asset Management,101.44,49,57,74,63,4881.9,23127391188.0,-25.52,1466,1253,1321
1033,DCMFINSERV,Financial Services,Credit Services,101.43,49,38,38,62,5.15,116377789.10402298,-39.77,12144,11425,14773
1034,COHANCE,Healthcare,Drug Manufacturers - Specialty & Generic,101.4,49,46,17,0,455.45,159581348678.18878,-56.16,843380,1077060,1206142
1035,MGL,Utilities,Utilities - Regulated Gas,101.35,49,43,38,49,1041.6,106383667983.0,-27.05,105267,137225,261586
1036,NSLNISP,Basic Materials,Steel,101.32,49,56,59,71,40.55,121356387801.32504,-24.56,4057106,9347868,7556304
1037,HYUNDAI,Consumer Cyclical,Auto Manufacturers,101.16,49,51,44,31,1945.0,1586567732022.5708,-32.7,693918,636222,757328
1038,EVEREADY,Industrials,Electrical Equipment & Parts,101.15,49,48,63,51,320.5,25949351820.0,-32.55,43908,114023,111734
1039,PARASPETRO,Consumer Cyclical,Textile Manufacturing,101.11,49,52,33,73,2.03,665099793.1873798,-37.15,104844,137754,216265
1040,ANURAS,Basic Materials,Specialty Chemicals,101.05,49,47,59,86,1165.1,142264845396.50024,-17.66,184281,441948,385995
1041,MODIRUBBER,Real Estate,Real Estate Services,101.01,49,67,56,76,118.87,3151601372.803528,-29.03,1970,3551,4292
1042,PREMIERENE,Technology,Solar,101.0,49,55,73,78,910.0,460006540384.90924,-19.75,1076394,1151152,1119319
1043,IGIL,Basic Materials,Other Precious Metals & Mining,100.99,49,30,56,74,317.05,146134798564.70654,-28.27,400847,481701,554278
1044,AAKASH,Energy,Oil & Gas Equipment & Services,100.97,49,17,60,41,8.24,903150007.724762,-38.51,127616,120179,128993
1045,ZFCVINDIA,Consumer Cyclical,Auto Parts,100.93,49,52,55,78,2172.2,264097063696.21875,-28.64,92787,89748,102356
1046,BORANA,Consumer Cyclical,Textile Manufacturing,100.9,49,64,66,95,270.7,8725002173.009949,-35.55,38861,28949,32087
1047,ONIDA,Consumer Cyclical,"Furnishings, Fixtures & Appliances",100.85,49,70,95,95,30.67,14195748661.249603,-37.7,272547,460638,430094
1048,ASHOKAMET,Basic Materials,Steel,100.84,49,37,30,59,14.61,353943356.1859131,-30.43,67614,127249,81968
1049,DATAMATICS,Technology,Information Technology Services,100.74,49,34,75,65,763.8,48555898563.5,-31.8,119342,125691,118849
1050,YESBANK,Financial Services,Banks - Regional,100.73,49,54,71,46,20.79,720345493335.24,-19.36,75100529,70948027,60630304
1051,BONLON,Basic Materials,Other Industrial Metals & Mining,100.67,49,38,28,71,40.68,670406979.3611755,-28.63,13461,10332,12116
1052,SAHLIBHFI,Financial Services,Credit Services,100.62,48,62,38,56,76.31,2407133021.4263916,-12.18,18395,101211,66571
1053,PICCADIL,Consumer Defensive,Beverages - Wineries & Distilleries,100.62,48,59,80,64,589.0,72665374678.43994,-26.88,97880,143054,274716
1054,ZOTA,Healthcare,Biotechnology,100.61,48,16,57,77,1342.1,38170615050.94336,-22.87,73661,108191,102171
1055,AUTOAXLES,Consumer Cyclical,Auto Parts,100.59,48,43,53,64,1651.4,27184932196.444702,-21.92,8132,6188,9790
1056,PYRAMID,Consumer Cyclical,Packaging & Containers,100.54,48,37,54,51,151.27,6056051253.966858,-19.7,53694,48886,82710
1057,KSB,Industrials,Specialty Industrial Machinery,100.47,48,55,67,91,801.5,150726664356.4978,-22.06,728339,350553,287536
1058,SHILCTECH,Industrials,Electrical Equipment & Parts,100.43,48,50,66,94,4000.9,48823343774.41406,-25.9,14734,15681,24611
1059,HBLENGINE,Industrials,Electrical Equipment & Parts,100.41,48,35,49,84,762.45,193648382508.14526,-32.05,1794162,2141496,1677398
1060,ASIANPAINT,Basic Materials,Specialty Chemicals,100.37,48,42,65,63,2372.1,2528807692162.893,-20.55,613212,566757,651464
1061,TRAVELFOOD,Consumer Cyclical,Restaurants,100.35,48,55,66,80,1189.6,169379326698.8623,-17.67,68303,61753,83081
1062,SINCLAIR,Consumer Cyclical,Lodging,100.34,48,54,31,40,75.1,3832710027.923584,-34.55,23156,36838,32083
1063,SWARAJENG,Consumer Cyclical,Auto Parts,100.34,48,48,43,71,3546.1,43362868185.0,-21.98,8009,7992,7303
1064,LAXMIINDIA,Financial Services,Credit Services,100.3,48,72,19,57,110.81,7154798603.767212,-38.75,109695,188906,195818
1065,HOMEFIRST,Financial Services,Mortgage Finance,100.3,48,58,65,60,1087.9,122722638936.0,-24.5,231255,234344,191007
1066,KIRLOSBROS,Industrials,Specialty Industrial Machinery,100.27,48,62,63,58,1712.8,145802727089.90552,-21.76,107577,56005,65470
1067,DANGEE,Consumer Cyclical,Restaurants,100.24,48,20,23,36,3.22,454226257.34210014,-36.61,975807,359600,236409
1068,ASHOKLEY,Industrials,Farm & Heavy Construction Machinery,100.23,48,62,58,90,149.2,887363250192.0356,-30.74,11509371,11584625,14942804
1069,BERGEPAINT,Basic Materials,Specialty Chemicals,100.17,48,40,45,38,463.9,580611114468.8328,-21.97,395298,364633,431562
1070,DHUNINV,Financial Services,Capital Markets,100.06,48,59,28,5,971.95,5272229891.028442,-38.21,370,3116,2991
1071,RAINBOW,Healthcare,Medical Care Facilities,100.02,48,64,72,41,1270.7,147890272499.49463,-20.27,239357,137070,125318
1072,XELPMOC,Technology,Information Technology Services,99.97,48,7,10,60,91.32,1201570872.8015747,-41.27,81877,34350,25230
1073,BANDHANBNK,Financial Services,Banks - Regional,99.97,48,44,87,79,162.99,267326160740.1123,-26.17,11242588,11508321,9909440
1074,EMMBI,Consumer Cyclical,Packaging & Containers,99.91,47,49,42,38,85.62,1696028066.8582916,-26.76,9018,9480,8705
1075,RELTD,Technology,Solar,99.91,47,69,83,56,148.58,34041294538.42531,-24.37,198658,162131,178539
1076,BPCL,Energy,Oil & Gas Refining & Marketing,99.91,47,40,43,54,296.35,1325142172593.3115,-24.33,4408222,4591281,4743615
1077,VLSFINANCE,Financial Services,Capital Markets,99.9,47,50,58,53,229.97,7954491070.5,-32.16,6808,7668,11274
1078,DSSL,Technology,Information Technology Services,99.88,47,47,84,70,1032.45,15801621137.036133,-46.36,26238,27696,29256
1079,UNOMINDA,Consumer Cyclical,Auto Parts,99.85,47,59,54,71,1104.8,650805541162.0,-20.06,545422,600221,693232
1080,CREATIVEYE,Communication Services,Entertainment,99.82,47,22,12,64,6.21,133587941.93935394,-29.67,20215,21709,18111
1081,BCLIND,Consumer Defensive,Beverages - Wineries & Distilleries,99.82,47,56,65,47,31.55,10549138267.021866,-31.11,520636,511948,707264
1082,ELDEHSG,Real Estate,Real Estate Services,99.8,47,40,45,69,769.0,7653023779.968262,-26.35,555,667,4251
1083,JAIPURKURT,Consumer Cyclical,Apparel Manufacturing,99.79,47,16,18,9,28.5,466235982.0108681,-40.0,45219,22457,31253
1084,SUNDRMBRAK,Consumer Cyclical,Auto Parts,99.79,47,59,84,33,667.05,2749481010.0,-27.49,1322,991,1744
1085,MAXIND,Healthcare,Medical Care Facilities,99.77,47,18,37,19,162.27,9575865030.914032,-32.83,102309,74149,87132
1086,COFFEEDAY,Consumer Cyclical,Restaurants,99.64,47,48,50,12,30.63,6576265835.180502,-39.67,1066330,840238,692378
1087,VITAL,Basic Materials,Specialty Chemicals,99.63,47,58,25,76,52.87,1270845398.8918304,-23.82,6113,9740,8581
1088,HINDCOMPOS,Consumer Cyclical,Auto Parts,99.63,47,37,44,74,403.75,6327039509.857178,-26.59,12655,6865,5553
1089,GKWLIMITED,Industrials,Specialty Business Services,99.62,47,25,65,39,1550.6,9789236258.666992,-28.5,3195,2241,1525
1090,A2ZINFRA,Industrials,Engineering & Construction,99.6,47,49,14,76,14.1,2211928587.4519405,-38.7,210645,209979,392207
1091,JUBLINGREA,Basic Materials,Specialty Chemicals,99.58,47,57,62,57,642.55,114431240201.69916,-24.01,314432,286241,284945
1092,SWELECTES,Technology,Solar,99.58,47,33,47,74,608.8,9528374575.748657,-37.69,29919,24718,27776
1093,BVCL,Basic Materials,Building Materials,99.55,47,49,47,67,40.69,903906420.2880859,-41.86,19126,56747,46996
1094,VGL,Consumer Cyclical,Textile Manufacturing,99.53,46,5,32,26,62.92,3153555132.9132614,-36.11,85186,183365,122043
1095,TATACAP,Financial Services,Credit Services,99.48,46,64,64,58,320.55,1441687223778.8499,-15.63,1608916,1287208,1442706
1096,BRIGADE,Real Estate,Real Estate - Development,99.47,46,74,24,24,554.2,171382026027.02435,-30.9,243870,511001,547553
1097,STYRENIX,Basic Materials,Chemicals,99.33,46,45,49,57,2001.3,43198926320.0,-34.6,33652,34236,55198
1098,CAMS,Technology,Information Technology Services,99.29,46,43,57,60,694.6,188995493165.44287,-17.79,1178174,1243391,1257231
1099,ULTRACEMCO,Basic Materials,Building Materials,99.23,46,41,48,61,10658.0,3484733496210.0,-18.7,304345,272710,252724
1100,PALREDTEC,Technology,Consumer Electronics,99.21,46,84,76,8,43.42,686491590.8542099,-41.01,3736,3172,4692
1101,HEALTHX,Healthcare,Pharmaceutical Retailers,99.19,46,59,75,40,284.15,9951915119.155884,-21.72,6084,5224,5821
1102,AMBER,Consumer Cyclical,"Furnishings, Fixtures & Appliances",99.18,46,50,59,80,6925.0,256096890070.5,-22.83,137981,144912,219382
1103,CHOLAFIN,Financial Services,Credit Services,99.12,46,68,72,49,1564.7,1472660100128.3276,-16.55,1746335,1375344,1305927
1104,SUDARCOLOR,Basic Materials,Specialty Chemicals,99.06,46,43,29,4,364.55,8323296499.680115,-40.04,3704,6742,12618
1105,FAZE3Q,Consumer Cyclical,Textile Manufacturing,99.03,46,59,83,73,450.1,13274981084.175903,-35.42,57171,31284,37626
1106,LUXIND,Consumer Cyclical,Apparel Manufacturing,99.0,46,44,49,93,1157.5,36885923180.4281,-36.52,24989,42278,35032
1107,MUTHOOTCAP,Financial Services,Credit Services,99.0,46,63,35,8,213.53,3515989199.6814423,-34.69,9080,10836,15260
1108,KHANDSE,Financial Services,Capital Markets,98.96,46,27,35,12,17.16,271975341.98622704,-40.83,2940,2632,2417
1109,PGEL,Technology,Electronic Components,98.93,46,54,52,24,522.0,164005043991.87427,-36.61,1391566,1037039,1458350
1110,PURVA,Real Estate,Real Estate - Development,98.93,46,43,47,28,209.68,50595886955.546814,-31.25,116747,783200,1034225
1111,SUNDARMFIN,Financial Services,Credit Services,98.92,46,51,37,59,4301.2,490225690766.93066,-23.76,36284,48019,51672
1112,ACCELYA,Technology,Information Technology Services,98.9,46,35,26,42,1100.1,17298044237.31067,-27.96,25158,11575,8994
1113,RUCHIRA,Basic Materials,Paper & Paper Products,98.89,46,37,21,46,103.15,3177595589.3818665,-40.38,19041,43778,40839
1114,NIACL,Financial Services,Insurance - Diversified,98.87,46,82,65,57,159.29,285433594970.7031,-26.93,1862539,9895202,7088697
1115,ARTNIRMAN,Real Estate,Real Estate - Development,98.81,45,40,21,45,40.13,1002981605.7281494,-40.08,1068,1100,1514
1116,SURANASOL,Technology,Solar,98.8,45,43,39,24,24.36,1292165327.262497,-37.67,25452,32200,41961
1117,PUNJABCHEM,Basic Materials,Chemicals,98.78,45,48,57,46,1044.1,13753266396.630249,-37.33,3399,5976,12588
1118,MALUPAPER,Basic Materials,Paper & Paper Products,98.77,45,47,22,46,31.08,623490343.7327957,-31.8,11742,24231,21699
1119,HISARMETAL,Basic Materials,Steel,98.77,45,46,37,36,145.1,796446029.6630859,-33.85,1066,1467,1985
1120,GODREJIND,Industrials,Conglomerates,98.76,45,62,91,31,1029.0,448752959023.1946,-28.69,72255,88431,104423
1121,MCL,Basic Materials,Copper,98.74,45,65,30,76,55.27,1448611207.0083618,-40.7,66211,68988,68900
1122,BANARBEADS,Consumer Cyclical,Footwear & Accessories,98.71,45,50,42,43,110.27,804567787.7659607,-33.05,6715,5410,4133
1123,BHARATWIRE,Basic Materials,Steel,98.67,45,35,57,87,171.99,13265495337.803589,-34.35,199651,156582,147272
1124,BASF,Basic Materials,Specialty Chemicals,98.62,45,49,36,36,3453.8,158866953814.44336,-32.94,11593,16817,44755
1125,FORCEMOT,Consumer Cyclical,Auto Manufacturers,98.61,45,36,47,95,16956.0,232165736440.0,-35.89,62276,65551,74182
1126,BESTAGRO,Basic Materials,Agricultural Inputs,98.6,45,58,3,6,17.59,5376813821.881485,-50.56,474806,770727,2629984
1127,TTL,Consumer Cyclical,Textile Manufacturing,98.52,45,12,4,37,7.29,1645440683.7186584,-47.97,432145,356887,324105
1128,KUANTUM,Basic Materials,Paper & Paper Products,98.47,45,32,11,13,76.72,6750714470.061493,-42.83,85063,131417,152377
1129,NKIND,Consumer Defensive,Household & Personal Products,98.43,45,25,42,60,58.99,358911235.3363037,-32.8,668,1637,8368
1130,VEEDOL,Basic Materials,Specialty Chemicals,98.41,45,46,37,43,1383.0,23772410997.82715,-32.04,7825,7828,12263
1131,PRESTIGE,Real Estate,Real Estate - Diversified,98.39,45,58,72,45,1429.3,686067134561.3496,-20.82,653421,527466,531792
1132,SEJALLTD,Industrials,Building Products & Equipment,98.37,45,57,67,78,680.55,8201680756.082031,-34.35,22576,16197,13044
1133,LINDEINDIA,Basic Materials,Specialty Chemicals,98.31,45,39,64,82,6094.0,574048105013.0,-24.29,22561,21898,24148
1134,SHK,Basic Materials,Specialty Chemicals,98.3,45,42,5,12,141.62,19468884815.79648,-48.6,261068,335774,811640
1135,UTKARSHBNK,Financial Services,Banks - Regional,98.29,44,62,38,12,13.98,25714116894.382793,-41.51,5295238,12786050,9681697
1136,ROML,Consumer Defensive,Packaged Foods,98.29,44,28,32,33,43.2,667146299.6819916,-30.32,2034,3135,2764
1137,TEJASNET,Technology,Communication Equipment,98.24,44,64,77,16,466.7,88053625984.14597,-27.87,1103403,4216304,2973672
1138,ATGL,Utilities,Utilities - Regulated Gas,98.23,44,40,77,72,581.9,718010985835.7179,-32.33,527225,1973338,1579851
1139,MPHASIS,Technology,Information Technology Services,98.23,44,40,33,28,2289.0,436608510739.47754,-24.63,463117,443881,440327
1140,IMFA,Basic Materials,Other Industrial Metals & Mining,98.2,44,53,81,97,1186.8,72303896133.36108,-29.35,77217,89140,145676
1141,BHARTIHEXA,Communication Services,Telecom Services,98.19,44,47,51,47,1477.9,803799987792.9688,-24.43,292967,149021,163048
1142,JSWENERGY,Utilities,Utilities - Independent Power Producers,98.18,44,53,60,75,485.45,1010828579293.2676,-21.37,1739446,1931587,1775257
1143,BANG,Consumer Cyclical,Apparel Manufacturing,98.16,44,21,0,15,33.64,381036005.1727295,-45.8,26831,83463,79658
1144,RAMCOIND,Industrials,Building Products & Equipment,98.14,44,61,81,48,299.7,28583898943.96118,-24.71,93109,98163,607106
1145,EXCELSOFT,Technology,Software - Application,98.1,44,16,10,28,81.71,8559959802.231903,-42.7,1056278,1616837,1206745
1146,KAKATCEM,Basic Materials,Building Materials,98.09,44,25,35,67,105.95,845173851.2495728,-36.0,1336,1984,2783
1147,ORIENTELEC,Consumer Cyclical,"Furnishings, Fixtures & Appliances",98.07,44,45,45,51,160.73,36434231626.90698,-28.52,176027,142252,348388
1148,SURAJEST,Real Estate,Real Estate - Development,98.06,44,8,10,36,208.26,9280412351.704529,-40.39,108147,271678,209047
1149,APTECHT,Consumer Defensive,Education & Training Services,98.06,44,21,51,45,86.87,5494026897.04422,-33.69,65769,64241,62108
1150,ZFSTEERING,Consumer Cyclical,Auto Parts,98.03,44,27,16,50,691.7,6298231416.516113,-22.71,3057,8148,6822
1151,CONTROLPR,Industrials,Business Equipment & Supplies,98.02,44,28,32,47,619.95,9445381701.358154,-31.04,24865,29029,25573
1152,DBL,Industrials,Engineering & Construction,98.0,44,23,25,49,409.25,68267441068.25,-30.04,136427,384369,385804
1153,SENCO,Consumer Cyclical,Luxury Goods,97.98,44,59,73,60,320.6,62725627769.641754,-20.81,891017,718944,1121268
1154,COMPUSOFT,Consumer Defensive,Education & Training Services,97.98,44,30,14,24,13.25,1054738750.0032272,-42.27,17448,31237,33949
1155,NTPCGREEN,Utilities,Utilities - Renewable,97.97,44,28,29,80,88.51,811624071146.5682,-26.21,2093637,2401772,2412361
1156,RADAAN,Communication Services,Entertainment,97.94,43,36,20,46,2.89,155985241.39829636,-32.48,113832,56108,59401
1157,ONESOURCE,Healthcare,Biotechnology,97.92,43,42,44,31,1528.6,189652700914.46033,-24.57,242127,322024,264949
1158,CCHHL,Consumer Cyclical,Lodging,97.88,43,26,24,45,12.81,2082540686.4858913,-35.92,31523,22726,20651
1159,BEL,Industrials,Aerospace & Defense,97.88,43,49,45,84,378.3,2960460425745.0,-20.1,9160823,9441427,10049753
1160,NTPC,Utilities,Utilities - Regulated Electric,97.86,43,46,45,84,316.75,3366682600092.3066,-23.56,7178619,7769504,7972479
1161,DONEAR,Consumer Cyclical,Textile Manufacturing,97.74,43,33,33,51,80.86,4461080047.607422,-30.6,8618,18765,20297
1162,SBILIFE,Financial Services,Insurance - Life,97.72,43,30,46,65,1726.1,1864660963036.322,-19.04,1584182,1078894,1001457
1163,AWL,Consumer Defensive,Packaged Foods,97.67,43,29,25,19,187.11,243356212194.93887,-33.86,2692821,2077560,2849851
1164,CCAVENUE,Technology,Software - Infrastructure,97.66,43,52,70,35,15.56,56879862265.76145,-24.1,9237836,13411382,14542841
1165,HTMEDIA,Communication Services,Publishing,97.62,43,65,75,72,22.59,5611824271.864956,-21.12,62206,96406,213621
1166,AHLEAST,Consumer Cyclical,Lodging,97.6,43,26,41,80,134.95,2528564632.2019043,-23.02,1099,2038,2108
1167,GOKEX,Consumer Cyclical,Apparel Manufacturing,97.6,43,63,73,67,673.0,60853748054.0,-29.52,270322,248017,261834
1168,SUMIT,Real Estate,Real Estate - Development,97.58,43,53,5,12,50.48,2492497602.347172,-51.88,26924,25372,30579
1169,IGARASHI,Consumer Cyclical,Auto Parts,97.52,43,57,74,13,403.45,14355769584.908447,-39.33,57348,497777,494392
1170,NMDC,Basic Materials,Steel,97.48,43,60,66,88,72.8,734644253013.6017,-25.33,13017941,12185265,15090691
1171,NH,Healthcare,Medical Care Facilities,97.48,43,57,69,54,1723.2,398380326352.5,-17.68,223498,205256,279231
1172,REFEX,Energy,Thermal Coal,97.47,43,34,72,17,266.35,43361345568.0,-41.38,237873,478764,439167
1173,HPIL,Basic Materials,Specialty Chemicals,97.42,43,40,30,72,116.49,1435553704.4363403,-33.77,607,1979,2900
1174,HPAL,Basic Materials,Specialty Chemicals,97.41,43,35,16,27,34.62,3058510012.263832,-34.68,38598,65040,95253
1175,CHOICEIN,Financial Services,Capital Markets,97.4,43,59,67,64,723.7,177586292413.8794,-15.9,410301,388140,433316
1176,AKASH,Industrials,Engineering & Construction,97.38,43,49,53,56,24.66,454445304.16509247,-31.5,3268,3754,6178
1177,LORDSCHLO,Basic Materials,Chemicals,97.37,42,40,17,40,139.5,4270858069.494644,-40.13,50744,25613,21020
1178,DENORA,Industrials,Electrical Equipment & Parts,97.32,42,64,76,77,720.65,4525875851.897339,-27.54,6291,4009,5426
1179,AXITA,Consumer Cyclical,Textile Manufacturing,97.31,42,41,29,75,7.44,2816477253.972429,-39.02,754949,778842,855829
1180,BANCOINDIA,Consumer Cyclical,Auto Parts,97.31,42,44,56,76,600.2,87031046931.06079,-31.78,61508,78046,109438
1181,HARRMALAYA,Consumer Defensive,Farm Products,97.29,42,45,75,81,173.9,4004084792.707138,-26.9,11488,10480,14722
1182,ONGC,Energy,Oil & Gas Integrated,97.28,42,43,50,86,221.88,3129470186179.0225,-27.84,11381051,10488103,11271457
1183,DYNPRO,Basic Materials,Specialty Chemicals,97.28,42,35,20,30,226.7,2875058787.4670563,-45.48,8297,12189,15963
1184,LICI,Financial Services,Insurance - Life,97.23,42,49,61,54,386.3,5329442908443.711,-17.54,6707871,6469785,12023798
1185,BAJAJFINSV,Financial Services,Financial Conglomerates,97.23,42,54,44,40,1743.3,3000342833662.4473,-20.58,1033192,713226,936814
1186,IOC,Energy,Oil & Gas Refining & Marketing,97.23,42,33,42,64,130.0,1955367896131.8499,-31.2,7588574,7455190,7891154
1187,JMFINANCIL,Financial Services,Capital Markets,97.17,42,36,26,56,124.92,116796963109.20996,-37.48,1798059,2188571,2921350
1188,ORICONENT,Consumer Cyclical,Packaging & Containers,97.16,42,32,46,92,52.27,8694172337.781494,-28.51,170411,87221,96589
1189,HCC,Industrials,Engineering & Construction,97.13,42,65,60,20,19.8,56135201368.05821,-34.0,10738147,25312847,26098195
1190,ORKLAINDIA,Consumer Defensive,Packaged Foods,97.13,42,42,31,48,562.75,76268754359.25,-25.95,90315,96831,103150
1191,AMRUTANJAN,Healthcare,Drug Manufacturers - Specialty & Generic,97.01,42,13,25,28,521.55,14710141229.0,-34.06,43721,45612,95704
1192,BASML,Consumer Cyclical,Textile Manufacturing,97.01,42,46,66,24,22.69,1828600992.9273129,-28.87,46594,46309,51797
1193,SAATVIKGL,Technology,Solar,97.0,42,48,55,72,405.3,55996107960.625244,-28.52,95012,128471,139292
1194,CANBK,Financial Services,Banks - Regional,96.96,42,43,48,82,119.15,1139727344659.7153,-26.85,13119457,11943400,13171971
1195,HARIOMPIPE,Basic Materials,Steel,96.94,42,38,63,6,338.15,12132983452.181335,-40.9,92134,92071,105200
1196,BALMLAWRIE,Industrials,Conglomerates,96.93,42,43,49,55,158.88,29857272555.324646,-33.3,121539,154483,144551
1197,GILLETTE,Consumer Defensive,Household & Personal Products,96.86,41,31,34,45,7223.5,255093371284.5,-35.97,20096,19658,19712
1198,CEATLTD,Consumer Cyclical,Auto Parts,96.86,41,41,54,73,3301.9,134642180181.4043,-25.6,37737,50773,63994
1199,IFBAGRO,Consumer Defensive,Beverages - Wineries & Distilleries,96.86,41,50,64,61,875.35,9724466513.339233,-51.1,3028,4190,4977
1200,KANSAINER,Basic Materials,Specialty Chemicals,96.85,41,29,30,26,192.4,156247974289.56757,-27.12,410278,335175,348681
1201,SIYSIL,Consumer Cyclical,Textile Manufacturing,96.82,41,34,64,28,554.45,27650800685.434082,-34.68,20512,28547,45350
1202,GANESHHOU,Real Estate,Real Estate - Development,96.82,41,49,74,8,701.1,66659641781.81763,-23.81,37157,31463,38823
1203,CONCOR,Industrials,Railroads,96.82,41,57,38,45,439.75,363710635562.15607,-26.93,1245914,1262073,1348342
1204,POWERGRID,Utilities,Utilities - Regulated Electric,96.82,41,38,46,82,253.05,2680434134168.5615,-22.13,8788601,8640992,8610803
1205,NHPC,Utilities,Utilities - Renewable,96.82,41,51,42,62,72.5,797475307037.9473,-18.74,6463357,9143519,9022839
1206,CANTABIL,Consumer Cyclical,Apparel Manufacturing,96.66,41,52,49,44,228.22,20058911286.345825,-29.01,106944,124164,196164
1207,EPIGRAL,Basic Materials,Chemicals,96.66,41,50,12,15,1030.0,50160431586.089355,-51.28,44915,44536,58429
1208,SCHAND,Communication Services,Publishing,96.65,41,22,24,34,144.15,5209350122.59375,-36.78,28372,26808,32315
1209,BAJAJHFL,Financial Services,Mortgage Finance,96.62,41,28,28,25,84.08,701190074618.7875,-28.73,3354557,2961764,2956971
1210,TORNTPOWER,Utilities,Utilities - Independent Power Producers,96.5,41,43,55,85,1236.5,722648058713.9674,-32.21,141838,344713,325999
1211,OMPOWER,Industrials,Engineering & Construction,96.47,41,31,33,70,165.75,,-19.54,179938,126728,119343
1212,VMSTMT,Basic Materials,Steel,96.46,41,18,10,5,45.76,2393713235.580635,-56.42,63158,63666,76443
1213,GANGESSECU,Consumer Defensive,Packaged Foods,96.43,41,35,19,34,113.96,1162828555.509819,-36.03,977,1605,2228
1214,CELLO,Consumer Cyclical,"Furnishings, Fixtures & Appliances",96.42,41,6,4,13,390.65,76050714509.84949,-42.02,3523046,1311770,1703452
1215,NLCINDIA,Utilities,Utilities - Regulated Electric,96.41,41,50,73,87,250.35,406007182188.4836,-35.44,1152212,1391116,1615788
1216,TATAPOWER,Utilities,Utilities - Independent Power Producers,96.39,41,37,42,80,345.15,1196335106893.995,-25.76,4151860,4453208,4207378
1217,GATEWAY,Industrials,Integrated Freight & Logistics,96.37,41,33,55,63,51.65,28169920007.357193,-32.48,648496,673364,1026975
1218,RELIANCE,Energy,Oil & Gas Refining & Marketing,96.36,40,34,37,55,1207.7,17294500027530.0,-25.07,14214307,12330619,11442922
1219,ATLASCYCLE,Consumer Cyclical,Leisure,96.32,40,69,25,64,92.1,631522659.8759308,-31.78,35421,62125,40099
1220,GLOTTIS,Industrials,Integrated Freight & Logistics,96.31,40,40,62,34,58.71,6251987318.389893,-36.87,151286,77274,62261
1221,ZENITHEXPO,Consumer Cyclical,Textile Manufacturing,96.26,40,27,20,56,186.63,1080167352.6191711,-46.93,193,224,704
1222,BANKBARODA,Financial Services,Banks - Regional,96.24,40,24,40,70,234.55,1274482193232.8052,-27.94,6286564,6683805,7171686
1223,TECHNOE,Industrials,Engineering & Construction,96.24,40,18,17,76,988.3,115345916073.52747,-37.25,122417,139910,184738
1224,CDSL,Financial Services,Capital Markets,96.24,40,53,47,38,1275.0,278617894897.46094,-23.82,1003264,1069747,1177816
1225,GSFC,Basic Materials,Agricultural Inputs,96.23,40,34,29,50,149.73,61588686063.95447,-32.12,650138,892624,883421
1226,KRITINUT,Consumer Defensive,Packaged Foods,96.22,40,57,29,77,70.15,3943648013.3288574,-37.33,26307,14410,20353
1227,BANSWRAS,Consumer Cyclical,Textile Manufacturing,96.2,40,36,55,52,105.44,4379652910.534424,-30.17,25139,28633,31286
1228,KFINTECH,Technology,Software - Application,96.19,40,45,21,35,858.0,148258909536.25,-29.38,595364,583699,735462
1229,LUPIN,Healthcare,Drug Manufacturers - Specialty & Generic,96.18,40,43,76,79,2012.9,1083875316227.0,-20.42,742217,727951,885965
1230,SPLIL,Consumer Cyclical,Apparel Manufacturing,96.18,40,45,28,42,29.05,917311843.75,-35.73,6277,9538,8646
1231,ATULAUTO,Consumer Cyclical,Auto Manufacturers,96.17,40,48,57,65,426.25,13137455782.619629,-23.06,116279,99513,243232
1232,JLHL,Healthcare,Medical Care Facilities,96.13,40,58,67,37,250.0,105954695553.8324,-23.55,312553,183687,195316
1233,RESPONIND,Basic Materials,Specialty Chemicals,96.08,40,37,64,14,159.73,46928437053.95459,-33.69,759929,2355830,1465851
1234,AADHARHFC,Financial Services,Mortgage Finance,96.07,40,41,65,62,455.05,216481872915.0,-19.17,285461,308743,341602
1235,TANLA,Technology,Software - Application,96.06,40,43,61,47,494.55,79271110002.75,-35.44,267948,356845,496523
1236,REDTAPE,Consumer Cyclical,Footwear & Accessories,96.05,40,29,59,44,113.63,70079417596.2616,-30.5,390649,1557540,1153019
1237,KOTHARIPRO,Industrials,Conglomerates,96.05,40,38,28,49,65.08,4063540767.691498,-40.29,19752,10763,11077
1238,MAHSCOOTER,Financial Services,Asset Management,96.04,40,51,42,55,12242.0,144822813696.0,-33.96,7369,5232,5199
1239,TCIFINANCE,Financial Services,Credit Services,95.99,39,40,53,39,14.21,193344850.75255966,-63.05,13376,13593,14607
1240,FINPIPE,Industrials,Building Products & Equipment,95.98,39,21,34,52,153.91,101199435699.18343,-30.83,311000,363655,434298
1241,RUBFILA,Basic Materials,Specialty Chemicals,95.97,39,47,50,53,64.9,3965871118.6868134,-27.27,43947,50971,45070
1242,RITES,Industrials,Engineering & Construction,95.96,39,43,43,46,200.74,102705025037.11368,-28.54,7548986,2724572,1922658
1243,SINDHUTRAD,Industrials,Conglomerates,95.92,39,54,62,79,21.68,37700159847.3983,-33.78,658304,2292965,1698076
1244,VISHWARAJ,Consumer Defensive,Confectioners,95.91,39,24,7,12,5.51,1130525775.464201,-45.98,344449,407377,677193
1245,LTTS,Technology,Information Technology Services,95.88,39,34,30,29,3252.1,362583660087.43506,-31.19,57688,72319,80298
1246,JKCEMENT,Basic Materials,Building Materials,95.84,39,31,32,63,5047.0,436488349899.0,-33.29,61068,49137,40704
1247,MAITHANALL,Basic Materials,Steel,95.82,39,60,40,50,905.75,27926709559.6344,-25.15,57408,123548,88906
1248,EIHAHOTELS,Consumer Cyclical,Lodging,95.77,39,28,41,39,297.3,18945093432.674377,-31.64,13591,15492,17751
1249,TTKPRESTIG,Consumer Cyclical,"Furnishings, Fixtures & Appliances",95.71,39,41,78,16,517.85,88117319802.49414,-32.85,79209,66935,109837
1250,BSL,Consumer Cyclical,Textile Manufacturing,95.71,39,24,29,18,120.04,1283845014.3335571,-42.29,2020,4903,3993
1251,GLOBE,Consumer Cyclical,Textile Manufacturing,95.7,39,10,23,54,2.11,963896253.5708113,-35.87,555674,795083,688853
1252,PALASHSECU,Consumer Defensive,Packaged Foods,95.7,39,28,19,37,87.99,883373913.1983643,-34.73,1311,1145,1847
1253,ARKADE,Real Estate,Real Estate - Development,95.69,39,39,50,8,119.73,25177843214.69008,-39.71,130872,189903,296851
1254,BALKRISIND,Consumer Cyclical,Auto Parts,95.68,39,46,30,49,2006.6,389244162065.0,-27.69,134151,571982,568566
1255,TIPSFILMS,Communication Services,Entertainment,95.67,39,25,9,25,328.75,1768708780.5151978,-42.74,22621,9395,15198
1256,PVSL,Consumer Cyclical,Auto & Truck Dealerships,95.63,39,40,15,25,95.37,7547721122.07576,-41.49,28096,28697,43275
1257,KEYFINSERV,Financial Services,Capital Markets,95.63,39,34,34,42,240.0,1413313464.5323944,-37.19,1185,893,1158
1258,CREDITACC,Financial Services,Credit Services,95.6,39,61,73,60,1239.6,243113492734.5641,-22.92,195418,207017,231735
1259,INSPIRISYS,Technology,Information Technology Services,95.59,38,33,71,54,83.74,3527486408.1903305,-37.46,5399,4789,5362
1260,MASTEK,Technology,Information Technology Services,95.58,38,29,24,14,1624.9,52421970753.1947,-38.1,81373,328780,228298
1261,INTERARCH,Industrials,Engineering & Construction,95.58,38,29,37,70,1700.9,30177595921.838135,-38.43,49332,45997,53676
1262,GMRAIRPORT,Industrials,Airports & Air Services,95.55,38,50,78,69,91.19,1131077532979.3335,-21.14,11780785,13236073,11751391
1263,DMART,Consumer Defensive,Discount Stores,95.54,38,29,37,81,3636.0,2621246164215.548,-26.54,680403,494727,496936
1264,ELECON,Industrials,Specialty Industrial Machinery,95.53,38,16,54,75,441.25,94618229114.87152,-30.5,1329926,1865734,1283232
1265,ICEMAKE,Industrials,Specialty Industrial Machinery,95.49,38,40,50,71,673.35,13660517647.82373,-26.81,34313,23807,29080
1266,KCP,Basic Materials,Building Materials,95.39,38,42,47,34,154.33,20967737383.71277,-28.28,122866,123468,193964
1267,AVG,Industrials,Integrated Freight & Logistics,95.35,38,46,65,14,169.65,3218911510.8859863,-35.84,16409,13418,13771
1268,RSYSTEMS,Technology,Information Technology Services,95.35,38,9,6,7,252.35,29091139179.980225,-49.22,15127852,5164061,3222443
1269,DELTAMAGNT,Consumer Cyclical,Textile Manufacturing,95.31,38,29,21,26,56.47,605818049.4689941,-40.5,3932,3079,4356
1270,GLOSTERLTD,Consumer Cyclical,Textile Manufacturing,95.29,38,46,69,41,552.9,7481359966.169434,-26.91,923,1029,1597
1271,RADIOCITY,Communication Services,Broadcasting,95.28,38,39,20,19,5.87,2248602721.506791,-36.54,64822,64643,68967
1272,AMNPLST,Basic Materials,Chemicals,95.27,38,31,63,14,172.6,10688735635.0708,-30.96,60605,22594,18788
1273,PANSARI,Real Estate,Real Estate - Development,95.21,38,51,87,84,271.0,6197103572.973633,-30.32,488,708,3555
1274,CERA,Industrials,Building Products & Equipment,95.2,38,51,69,53,5038.5,77589070592.0,-25.24,10612,7340,8876
1275,IITL,Financial Services,Credit Services,95.2,38,50,5,52,130.75,2976727647.3335266,-39.47,115283,107799,121851
1276,LTF,Financial Services,Credit Services,95.19,38,68,80,90,260.25,757711628581.8638,-23.14,8965339,5408058,5129983
1277,HINDPETRO,Energy,Oil & Gas Refining & Marketing,95.17,38,30,44,34,343.15,810913174215.898,-32.51,3581609,3730385,4550163
1278,RENUKA,Consumer Defensive,Confectioners,95.16,38,36,12,66,22.78,47316326679.4447,-32.0,12275038,15068751,18869769
1279,ADVANIHOTR,Consumer Cyclical,Lodging,95.15,37,29,40,53,47.91,4725456021.26503,-29.95,17084,19859,26166
1280,RIIL,Industrials,Engineering & Construction,95.15,37,32,38,49,705.05,11016204815.673828,-26.93,78806,53561,72566
1281,RELIGARE,Financial Services,Insurance - Life,95.15,37,62,70,44,224.92,88055362957.64905,-20.38,811022,1084713,1112010
1282,AFFLE,Communication Services,Advertising Agencies,95.14,37,49,30,19,1436.0,203267905070.3181,-34.31,127069,298452,263114
1283,APOLLOTYRE,Consumer Cyclical,Auto Parts,95.12,37,40,36,40,407.6,265462752952.12994,-24.59,881443,745180,874994
1284,DCW,Basic Materials,Chemicals,95.04,37,35,20,7,46.6,13645016300.798756,-42.69,1140408,1811388,1503131
1285,BCG,Communication Services,Advertising Agencies,95.04,37,35,33,18,9.08,18974104836.195015,-48.7,4655375,8149900,7418305
1286,SRF,Industrials,Conglomerates,95.02,37,32,47,16,2460.0,789833120344.5496,-23.36,196291,210440,240700
1287,EKC,Industrials,Specialty Industrial Machinery,94.84,37,24,35,48,105.52,12203707734.02147,-32.7,299373,965304,666177
1288,PGHL,Healthcare,Drug Manufacturers - Specialty & Generic,94.82,37,43,86,48,5234.0,111448250748.0,-24.96,18786,11904,14817
1289,NESCO,Industrials,Conglomerates,94.82,37,40,28,68,1028.9,74398673484.21387,-37.22,53761,57371,44531
1290,ASHIMASYN,Real Estate,Real Estate - Development,94.8,37,51,15,11,14.51,3229472387.4125175,-47.86,78349,87283,97600
1291,CROWN,Industrials,Rental & Leasing Services,94.8,37,33,16,37,112.44,1283726055.894165,-41.13,19172,29350,21371
1292,IFBIND,Consumer Cyclical,"Furnishings, Fixtures & Appliances",94.8,37,47,58,11,1216.0,52840560874.37158,-39.8,32122,29576,43201
1293,AFIL,Financial Services,Credit Services,94.78,37,67,80,95,7.54,4050097148.3751297,-32.07,735814,520642,622995
1294,AFFORDABLE,Industrials,Specialty Industrial Machinery,94.77,37,14,11,5,165.3,1909568606.5167236,-44.34,23530,19534,18378
1295,GLOBALE,Consumer Cyclical,Textile Manufacturing,94.75,37,34,25,45,10.49,110875666.54355526,-31.88,4916,4249,4227
1296,VENTIVE,Consumer Cyclical,Lodging,94.71,37,23,34,18,582.4,144270328959.75,-27.11,22809,31742,29007
1297,SANDUMA,Basic Materials,Steel,94.71,37,56,53,77,181.19,94809879658.91684,-33.63,396870,464426,576675
1298,XCHANGING,Technology,Information Technology Services,94.7,37,34,24,15,61.04,7134294074.633148,-40.74,65223,88198,97198
1299,HCLTECH,Technology,Information Technology Services,94.68,36,41,11,21,1185.0,3439029493494.0,-33.43,2559632,2511917,2298076
1300,BIRLANU,Industrials,Building Products & Equipment,94.68,36,50,6,12,1321.3,10194541542.20398,-43.51,21647,12880,25619
1301,MOSCHIP,Technology,Semiconductor Equipment & Materials,94.68,36,53,82,75,195.2,45086601802.09296,-32.33,916769,1876975,1584501
1302,GOPAL,Consumer Defensive,Packaged Foods,94.66,36,23,22,29,255.4,32195206006.75,-35.83,186781,134523,173495
1303,CENTRALBK,Financial Services,Banks - Regional,94.63,36,28,32,58,30.44,280864987747.32404,-25.61,3835293,6123191,5869026
1304,BLUEDART,Industrials,Integrated Freight & Logistics,94.61,36,41,26,45,4555.2,116539747841.0,-35.26,20353,12566,26160
1305,FINKURVE,Financial Services,Credit Services,94.56,36,27,4,1,67.53,8709949068.042755,-49.94,33470,114672,165191
1306,LPDC,Real Estate,Real Estate Services,94.56,36,35,27,56,6.25,818273263.2071114,-33.93,25875,68077,97349
1307,GICRE,Financial Services,Insurance - Reinsurance,94.55,36,41,45,71,316.55,627198000000.0,-24.26,553289,916637,794773
1308,WAKEFIT,Consumer Cyclical,"Furnishings, Fixtures & Appliances",94.52,36,46,10,13,134.42,42973720219.4559,-39.99,301009,725825,1062966
1309,DDEVPLSTIK,Basic Materials,Specialty Chemicals,94.5,36,42,70,19,254.05,28523341800.028564,-29.43,66349,78897,137446
1310,DODLA,Consumer Defensive,Food Distribution,94.48,36,36,38,31,1013.3,64019867965.1062,-32.45,21768,24393,29524
1311,AKSHAR,Consumer Cyclical,Textile Manufacturing,94.47,36,28,11,41,0.42,330736759.67390835,-44.74,1053499,1066206,1054802
1312,HILINFRA,Industrials,Infrastructure Operations,94.46,36,7,1,7,47.6,3325685629.2341003,-63.77,231210,138097,112475
1313,GTL,Communication Services,Telecom Services,94.42,36,30,25,29,6.9,1127817931.770792,-38.72,164607,189339,216562
1314,PRAJIND,Industrials,Engineering & Construction,94.38,36,46,48,67,300.4,59463533968.0,-38.15,390138,429096,788633
1315,JINDALPHOT,Financial Services,Asset Management,94.35,36,16,56,72,1032.8,11081102911.197021,-36.11,1222,4950,3835
1316,MOHITIND,Consumer Cyclical,Textile Manufacturing,94.33,36,38,18,20,22.57,325624225.0,-43.84,7703,10159,38502
1317,TARC,Real Estate,Real Estate - Development,94.32,36,46,17,18,122.24,38790412335.187454,-36.04,251665,484589,523656
1318,MRF,Consumer Cyclical,Auto Parts,94.31,36,36,30,58,123075.0,554550652965.0,-24.77,2728,3384,3761
1319,TSFINV,Financial Services,Asset Management,94.27,36,48,62,49,409.6,95515425225.20782,-41.61,122294,88053,76860
1320,PSPPROJECT,Industrials,Engineering & Construction,94.27,36,64,92,52,765.6,40878612943.565674,-33.02,53565,48604,68763
1321,BALAJITELE,Communication Services,Entertainment,94.26,35,42,34,55,89.18,10244668647.24488,-36.89,113239,222893,285911
1322,GRAVITA,Industrials,Metal Fabrication,94.22,35,52,70,55,1496.0,129336501081.91016,-23.24,273653,211360,215264
1323,SHANKARA,Consumer Cyclical,Home Improvement Retail,94.2,35,64,32,3,119.98,3396603270.427368,-90.08,60652,95143,141569
1324,INDTERRAIN,Consumer Cyclical,Apparel Retail,94.07,35,34,30,54,29.22,1482527170.01684,-31.44,12882,25805,44453
1325,SINTERCOM,Consumer Cyclical,Auto Parts,94.05,35,32,9,9,76.83,2258382624.1224747,-44.32,7103,13401,13640
1326,NSIL,Financial Services,Asset Management,94.05,35,39,20,29,5266.5,28004928757.5,-39.67,2280,1880,2040
1327,KIOCL,Basic Materials,Steel,94.01,35,48,55,89,349.35,211953195078.75,-44.95,66280,73902,176896
1328,IOB,Financial Services,Banks - Regional,94.0,35,35,36,48,31.03,652413282822.8569,-25.77,3733860,2498908,2371095
1329,TENNIND,Consumer Cyclical,Auto Parts,94.0,35,48,62,84,480.4,,-26.88,463179,654114,2114266
1330,BAJEL,Utilities,Utilities - Regulated Electric,93.98,35,53,44,56,162.34,20698180965.34195,-36.56,104919,166331,236116
1331,NOIDATOLL,Industrials,Infrastructure Operations,93.93,35,24,83,52,3.67,767123386.931673,-50.61,179713,110565,104735
1332,INFOBEAN,Technology,Software - Application,93.9,35,57,70,96,147.24,15254628872.738037,-42.82,144464,534913,425908
1333,XTGLOBAL,Technology,Software - Application,93.89,35,31,17,60,27.2,3754122472.25152,-41.19,37963,71214,84444
1334,KEEPLEARN,Consumer Defensive,Education & Training Services,93.88,35,22,11,6,1.86,288067357.26246536,-43.47,45462,36721,46191
1335,AVANTEL,Technology,Communication Equipment,93.8,35,51,69,69,153.28,43441068326.09329,-28.71,2879607,1562514,1209622
1336,LOVABLE,Consumer Cyclical,Apparel Manufacturing,93.79,35,35,41,26,68.73,1065007986.4501953,-34.36,7044,12306,10481
1337,INFOMEDIA,Financial Services,Shell Companies,93.78,35,35,23,43,5.41,279581546.6564007,-32.8,13600,13368,14754
1338,TCI,Industrials,Integrated Freight & Logistics,93.77,35,20,26,33,885.6,70511780570.5,-28.7,673264,241785,159912
1339,VINYLINDIA,Basic Materials,Specialty Chemicals,93.7,35,41,43,74,215.53,4449499872.2291565,-33.68,5607,5679,8567
1340,MANORG,Basic Materials,Specialty Chemicals,93.69,35,58,65,50,438.0,3853141503.7268066,-31.33,4573,9892,11962
1341,HDFCAMC,Financial Services,Asset Management,93.65,35,37,60,76,2314.8,1074411018720.5454,-21.99,813254,714057,726698
1342,MAHAPEXLTD,Financial Services,Credit Services,93.63,34,11,0,0,51.66,1226840431.355957,-56.18,7813,12562,25210
1343,TRIGYN,Technology,Information Technology Services,93.6,34,43,24,17,51.63,1677822612.0,-49.58,50506,58427,48930
1344,OLAELEC,Consumer Cyclical,Auto Manufacturers,93.6,34,47,51,34,36.32,163844688558.086,-49.02,103924628,84828773,69512899
1345,SUKHJITS,Basic Materials,Specialty Chemicals,93.59,34,44,44,66,149.56,4981230691.162109,-35.28,10919,21062,21636
1346,JPOLYINVST,Financial Services,Asset Management,93.57,34,28,69,90,901.1,10817825877.261108,-39.43,4384,6743,13676
1347,CENTURYPLY,Basic Materials,Lumber & Wood Production,93.53,34,45,64,71,683.5,176005445390.07263,-20.43,108951,78792,90928
1348,FMNL,Real Estate,Real Estate Services,93.53,34,44,54,29,8.12,614219173.2659769,-43.41,86025,64717,49422
1349,TRANSRAILL,Industrials,Engineering & Construction,93.51,34,7,17,68,479.3,64805384906.36749,-43.99,1501554,1892143,1262753
1350,THOMASCOTT,Consumer Cyclical,Textile Manufacturing,93.48,34,19,59,17,278.85,4504539999.918213,-39.35,148191,82873,105669
1351,NATHBIOGEN,Basic Materials,Agricultural Inputs,93.47,34,45,38,66,136.87,3066372150.9119873,-32.91,20096,21676,21474
1352,TATACONSUM,Consumer Defensive,Packaged Foods,93.47,34,32,48,68,968.5,1076741330304.0,-24.5,1212212,1139291,1218444
1353,NIPPOBATRY,Industrials,Electrical Equipment & Parts,93.46,34,25,29,11,316.05,2447249908.4472656,-37.53,1462,1761,2097
1354,SDBL,Consumer Defensive,Beverages - Brewers,93.44,34,9,1,17,73.08,15153926504.78711,-54.24,4902957,1934539,1440014
1355,INSECTICID,Basic Materials,Agricultural Inputs,93.39,34,21,35,69,586.6,17927176665.30359,-46.58,10225,26246,27266
1356,SVPGLOB,n/a,n/a,93.38,34,42,75,64,3.0,489554985.5232239,-56.46,35006,33865,34510
1357,MADHAV,Industrials,Building Products & Equipment,93.31,34,25,26,34,33.62,302319138.19122314,-32.69,3541,3933,3416
1358,PRAKASH,Basic Materials,Steel,93.3,34,24,27,53,118.31,22164958611.86416,-38.03,542912,446504,507670
1359,RAMCOCEM,Basic Materials,Building Materials,93.28,34,32,33,52,845.0,216160266339.57153,-30.42,175895,230637,254499
1360,3PLAND,n/a,n/a,93.28,34,32,13,28,30.8,,-41.78,2046,5837,5727
1361,WCIL,Industrials,Integrated Freight & Logistics,93.2,34,8,23,58,92.54,9173930407.99688,-37.17,171158,175191,126712
1362,CORALFINAC,Real Estate,Real Estate Services,93.18,33,37,19,32,31.41,1309822312.5,-38.29,40241,25704,93813
1363,GOYALALUM,Basic Materials,Aluminum,93.17,33,31,22,34,5.94,933472375.7551765,-47.76,60505,68475,66945
1364,COLPAL,Consumer Defensive,Household & Personal Products,93.15,33,20,39,47,1757.4,567389257648.4971,-29.82,302902,403218,379066
1365,DCMSHRIRAM,Industrials,Conglomerates,93.15,33,29,20,66,969.3,155752970030.88245,-33.61,218805,112869,116154
1366,IGL,Utilities,Utilities - Regulated Gas,93.14,33,21,16,36,146.35,209062241491.4795,-34.52,1846704,1814091,1875546
1367,ICICIGI,Financial Services,Insurance - Diversified,93.12,33,12,45,52,1590.0,829834553003.7561,-23.0,1035206,820768,895258
1368,AIRAN,Technology,Information Technology Services,93.1,33,33,10,22,15.32,1879050566.6160583,-47.55,59295,125191,93340
1369,DIAMINESQ,Basic Materials,Chemicals,93.09,33,32,38,27,239.04,2482182423.438965,-42.92,5904,5558,10952
1370,SUMICHEM,Basic Materials,Agricultural Inputs,93.06,33,54,73,36,421.95,259780404394.2876,-36.55,289965,267289,354720
1371,STERTOOLS,Industrials,Tools & Accessories,93.05,33,26,34,35,218.79,8145876199.38,-34.69,40306,22713,24843
1372,SHYAMCENT,Basic Materials,Steel,93.03,33,23,40,14,4.98,1067230184.2156649,-30.35,59621,84836,75909
1373,CHAMBLFERT,Basic Materials,Agricultural Inputs,93.02,33,29,46,39,396.35,172681140007.0,-31.75,366093,470917,496574
1374,FUSION,Financial Services,Credit Services,92.98,33,68,86,74,168.52,35008351942.83327,-30.65,478344,496483,653757
1375,BOHRAIND,Basic Materials,Agricultural Inputs,92.96,33,1,6,22,14.21,129950057.06158447,-60.06,21931,21536,18480
1376,LEMONTREE,Consumer Cyclical,Lodging,92.93,33,16,19,21,112.52,86596456534.58543,-37.72,5619164,3679637,3355600
1377,ITC,Consumer Defensive,Tobacco,92.93,33,12,18,21,265.7,3551477923024.56,-37.78,18762686,14879029,14600300
1378,EIHOTEL,Consumer Cyclical,Lodging,92.9,33,17,45,45,296.5,204118865187.87994,-31.81,397114,356360,289839
1379,PILANIINVS,Financial Services,Asset Management,92.86,33,35,27,63,4076.3,47736897568.725586,-31.83,2125,2304,2321
1380,BRITANNIA,Consumer Defensive,Packaged Foods,92.85,33,32,36,60,4780.0,1295750998332.0,-24.56,264527,246956,288219
1381,VISACHROME,n/a,n/a,92.85,33,35,52,33,35.22,5599774672.754288,-52.2,325028,275929,171746
1382,PRAENG,Real Estate,Real Estate - Development,92.84,32,41,14,74,19.37,1567960439.5556774,-42.83,154696,128512,93175
1383,SARVESHWAR,Consumer Defensive,Packaged Foods,92.84,32,34,5,10,3.61,4162897606.1684637,-58.41,1465082,2397078,1902272
1384,MUTHOOTMF,Financial Services,Credit Services,92.84,32,66,91,82,172.91,41960123686.86665,-32.72,154873,222449,416381
1385,KRSNAA,Healthcare,Diagnostics & Research,92.76,32,21,9,15,548.1,17672588109.620117,-38.72,62252,170996,137740
1386,SPIC,Basic Materials,Agricultural Inputs,92.75,32,33,24,32,63.06,13224403917.00879,-50.81,220410,362806,391028
1387,ADVENZYMES,Basic Materials,Specialty Chemicals,92.74,32,30,65,66,270.05,35535631885.94818,-35.55,162795,192664,263990
1388,MMTC,Industrials,Conglomerates,92.72,32,49,46,69,56.2,92280000686.64551,-28.27,973841,1169599,2143200
1389,PEARLPOLY,Consumer Cyclical,Packaging & Containers,92.7,32,4,14,34,17.55,277944731.17321014,-49.89,10731,12613,10428
1390,BIOFILCHEM,Healthcare,Drug Manufacturers - Specialty & Generic,92.66,32,26,31,33,30.43,521900761.0336304,-34.33,10428,54507,51095
1391,BAJAJHCARE,Healthcare,Drug Manufacturers - Specialty & Generic,92.58,32,45,26,4,323.3,10884821639.810577,-39.9,151362,133556,120444
1392,BLUESTARCO,Industrials,Building Products & Equipment,92.57,32,16,42,62,1530.1,336596253620.4971,-25.0,650620,589171,606462
1393,NATCOPHARM,Healthcare,Drug Manufacturers - Specialty & Generic,92.53,32,37,55,88,810.1,165040791897.89978,-33.97,468333,419788,443372
1394,RHIM,Industrials,Metal Fabrication,92.52,32,34,39,32,369.45,82383746423.46936,-31.29,374324,788583,772020
1395,SUYOG,Communication Services,Telecom Services,92.47,32,45,76,78,672.85,9964824847.03125,-27.26,30083,26218,26750
1396,SAGARDEEP,Basic Materials,Copper,92.47,32,40,31,23,22.18,429164181.3972473,-29.54,7565,7404,8062
1397,EMBDL,Real Estate,Real Estate - Diversified,92.37,32,22,42,0,57.19,85083945161.31638,-49.71,1652529,2728766,2604949
1398,STUDDS,Consumer Cyclical,Auto Parts,92.32,32,11,22,37,420.45,17732642280.19409,-29.93,42011,71309,67270
1399,IFGLEXPOR,Basic Materials,Building Materials,92.31,32,66,65,21,183.05,14247781474.100098,-45.84,26745,45579,51880
1400,NAHARPOLY,Consumer Cyclical,Packaging & Containers,92.3,32,43,33,65,222.13,6732191635.6536255,-34.73,4261,6426,15442
1401,BMWVENTLTD,Basic Materials,Steel,92.28,32,28,48,59,50.11,4901131839.694977,-35.76,78362,97418,92272
1402,VAIBHAVGBL,Consumer Cyclical,Luxury Goods,92.2,32,44,74,63,200.75,42145804723.31085,-31.54,176856,191608,293666
1403,RELCHEMQ,Consumer Cyclical,Textile Manufacturing,92.17,32,15,42,15,114.19,960220141.1763382,-38.94,1768,8318,6938
1404,FACT,Basic Materials,Agricultural Inputs,92.15,31,26,43,79,746.95,523675340659.3722,-29.44,137388,181332,868258
1405,UTIAMC,Financial Services,Asset Management,92.15,31,27,27,41,892.3,113290368729.0509,-37.07,60126,103501,105619
1406,CSLFINANCE,Financial Services,Credit Services,92.13,31,38,15,23,206.94,4808723496.208374,-36.27,25005,46785,40339
1407,PNBGILTS,Financial Services,Capital Markets,92.12,31,33,63,22,71.52,15392666942.883133,-37.78,526714,469447,381953
1408,NCLIND,Basic Materials,Building Materials,92.11,31,33,40,31,163.93,8353139246.476288,-27.21,39910,39078,50765
1409,AARON,Industrials,Specialty Industrial Machinery,92.09,31,17,5,14,122.5,2833011149.5,-52.52,14036,13383,16344
1410,HEXT,Technology,Information Technology Services,92.09,31,36,36,1,505.5,336328931007.37427,-39.05,136500,255788,353227
1411,WEALTH,Financial Services,Capital Markets,92.04,31,16,46,53,833.45,10018363750.0,-39.9,11212,4604,3593
1412,MBLINFRA,Industrials,Engineering & Construction,92.03,31,8,14,9,25.06,3786605427.8121033,-52.25,91602,51483,41502
1413,VSTL,Basic Materials,Steel,92.0,31,49,12,32,106.84,2107485903.4462433,-42.94,6643,10718,12594
1414,SURYAROSNI,Basic Materials,Steel,91.95,31,19,38,34,218.34,51786460789.027954,-36.6,488877,405474,598595
1415,ZUARI,Basic Materials,Agricultural Inputs,91.94,31,39,51,59,216.19,9246873224.83017,-45.07,56189,82022,102244
1416,RECLTD,Financial Services,Credit Services,91.9,31,32,41,67,298.9,952173814471.9238,-25.94,9278551,6108609,5993679
1417,ITCHOTELS,Consumer Cyclical,Resorts & Casinos,91.82,31,23,49,15,159.17,333109567521.23645,-37.25,1515197,1524540,1552558
1418,CAMPUS,Consumer Cyclical,Footwear & Accessories,91.8,31,21,26,54,208.37,66194944515.41048,-29.84,331290,333469,534148
1419,BANKA,Industrials,Pollution & Treatment Controls,91.78,31,63,82,69,67.97,922676447.3572769,-30.56,3927,3773,3891
1420,TRIDENT,Consumer Cyclical,Textile Manufacturing,91.74,31,37,43,51,22.31,128001076114.78433,-30.04,2715001,2566528,2891899
1421,SHREERAMA,Consumer Cyclical,Packaging & Containers,91.73,31,25,20,55,43.36,5362744481.631203,-39.77,50342,82090,110021
1422,TCIEXP,Industrials,Integrated Freight & Logistics,91.72,31,47,36,31,499.75,21558817176.463623,-35.93,661370,241148,194858
1423,BHARATCOAL,Basic Materials,Coking Coal,91.71,31,24,43,33,32.09,,-28.83,5547964,4408730,4878358
1424,UNIINFO,Communication Services,Telecom Services,91.68,30,12,13,21,11.45,132594683.92089844,-47.43,2362,2694,2787
1425,PROSTARM,Industrials,Electrical Equipment & Parts,91.66,30,21,8,49,131.36,7281020684.837402,-48.18,377663,298895,315263
1426,DEN,Communication Services,Entertainment,91.65,30,33,41,33,26.1,12948962151.491295,-33.42,283375,276256,285042
1427,ESCORTS,Industrials,Farm & Heavy Construction Machinery,91.63,30,38,24,49,2785.5,319640581433.8623,-33.36,125405,83849,93825
1428,MEIL,Industrials,Electrical Equipment & Parts,91.62,30,22,18,4,274.4,8315286155.081787,-52.17,37587,91631,67214
1429,NDRAUTO,Consumer Cyclical,Auto Parts,91.6,30,23,45,46,716.6,19388346310.0,-39.61,15772,19060,23563
1430,UCOBANK,Financial Services,Banks - Regional,91.55,30,26,36,33,23.4,324523775852.9033,-31.58,3297276,3710518,3489143
1431,ZENITHSTL,Basic Materials,Steel,91.55,30,39,6,49,5.28,829495000.9848633,-48.89,55952,105067,92113
1432,ZEELEARN,Consumer Defensive,Education & Training Services,91.54,30,33,90,2,6.29,2172858496.83587,-39.81,323124,288661,290295
1433,TVSHLTD,Consumer Cyclical,Auto Parts,91.54,30,53,63,89,11735.0,296056377832.0,-27.99,7256,7640,6778
1434,CIEINDIA,Consumer Cyclical,Auto Parts,91.53,30,24,61,86,378.7,156961183483.75,-28.0,172399,225103,319967
1435,THERMAX,Industrials,Conglomerates,91.52,30,51,86,91,3230.4,508496100894.0,-38.79,163240,144977,238344
1436,JPPOWER,Utilities,Utilities - Independent Power Producers,91.49,30,35,27,81,14.86,116166132346.42413,-39.35,30787449,54989969,56264549
1437,THOMASCOOK,Consumer Cyclical,Travel Services,91.46,30,33,13,5,100.54,46236471798.33561,-44.62,367792,645877,1640851
1438,AMJLAND,Real Estate,Real Estate - Development,91.42,30,32,7,22,37.35,1557590068.8171387,-40.0,11555,8631,11863
1439,JSWCEMENT,Basic Materials,Building Materials,91.42,30,38,62,50,112.14,177206577759.0243,-30.84,1803620,1500827,1347062
1440,HGS,Industrials,Specialty Business Services,91.38,30,26,51,35,363.0,19657145858.875427,-40.5,11281,13322,16068
1441,FABTECH,Healthcare,Health Information Services,91.37,30,23,33,24,143.03,6655617195.705719,-45.57,58671,65983,73736
1442,INCREDIBLE,Basic Materials,Steel,91.37,30,28,23,49,31.47,1561441583.957672,-40.48,6412,5609,5044
1443,EXXARO,Industrials,Building Products & Equipment,91.35,30,18,20,47,6.13,2926065960.9326363,-40.66,523868,925255,668068
1444,MASFIN,Financial Services,Credit Services,91.34,30,33,60,72,270.25,56894704143.34296,-24.69,241082,284758,232750
1445,RKSWAMY,Communication Services,Advertising Agencies,91.32,29,24,33,2,88.16,5116878058.809883,-47.83,25261,27725,39327
1446,VESUVIUS,Industrials,Specialty Industrial Machinery,91.32,29,23,41,72,409.7,91799167362.45117,-32.6,1207467,450605,299973
1447,MAXHEALTH,Healthcare,Medical Care Facilities,91.21,29,45,58,38,908.0,1051492613396.4347,-30.25,3648469,2388225,2215958
1448,KAYNES,Technology,Electronic Components,91.2,29,39,4,44,3365.0,212915464761.62354,-56.33,930292,994674,1185786
1449,SCILAL,Real Estate,Real Estate Services,91.18,29,16,27,55,37.85,19251473936.20346,-31.18,207205,238930,223754
1450,DOMS,Industrials,Business Equipment & Supplies,91.17,29,36,44,53,2058.9,134788794256.0,-25.67,25122,35581,40234
1451,SHRADHA,Real Estate,Real Estate - Development,91.14,29,9,10,22,30.78,2039926245.9023285,-55.71,8588,15692,18899
1452,GICHSGFIN,Financial Services,Mortgage Finance,91.09,29,29,35,37,132.83,7909105800.475342,-30.01,77705,75818,88507
1453,PFS,Financial Services,Credit Services,91.08,29,19,29,37,27.12,18806056489.82097,-36.19,5217749,2045857,1429127
1454,SADBHIN,Industrials,Engineering & Construction,91.04,29,6,7,14,2.6,869996293.5972443,-45.72,96716,120235,138317
1455,VSTTILLERS,Industrials,Farm & Heavy Construction Machinery,91.02,29,11,28,76,4375.6,38216620281.791016,-31.35,13906,10061,10970
1456,TATAINVEST,Financial Services,Asset Management,91.01,29,33,36,71,615.3,319129829520.0,-48.06,301465,1682133,1162288
1457,DABUR,Consumer Defensive,Household & Personal Products,91.0,29,11,31,40,383.55,750736672256.2922,-33.53,2071028,2155547,2101313
1458,KSOLVES,Technology,Software - Application,91.0,29,36,35,72,246.44,6663060215.222168,-30.55,40273,34401,32927
1459,AEPL,Industrials,Electrical Equipment & Parts,91.0,29,57,31,70,15.04,3755512033.5762978,-25.73,22868,94115,91984
1460,M&M,Consumer Cyclical,Auto Manufacturers,90.95,29,41,40,51,2800.0,3796089704147.66,-27.08,2639860,2149294,2150865
1461,DELHIVERY,Industrials,Integrated Freight & Logistics,90.95,29,54,73,88,398.15,346475208112.5668,-24.02,3031849,2397303,2756127
1462,NORBTEAEXP,Consumer Defensive,Farm Products,90.93,29,54,76,93,61.36,1047206059.6931458,-38.24,3268,1935,1907
1463,UNITEDTEA,Consumer Defensive,Farm Products,90.92,29,30,38,86,408.85,2347386645.8067627,-30.7,2893,2772,2677
1464,REPCOHOME,Financial Services,Mortgage Finance,90.91,29,36,54,71,339.8,24298832618.95575,-25.47,66654,76300,93543
1465,MASTERTR,Financial Services,Capital Markets,90.86,29,44,34,1,82.94,10420685247.375488,-51.21,327083,778769,621689
1466,GREENLAM,Consumer Cyclical,"Furnishings, Fixtures & Appliances",90.84,28,45,64,46,210.5,65317811712.0,-24.45,59065,51160,128612
1467,VSTIND,Consumer Defensive,Tobacco,90.84,28,22,37,64,201.33,39003519500.40619,-29.8,86575,99463,125102
1468,MBEL,Industrials,Engineering & Construction,90.83,28,9,38,35,290.6,16933015406.889954,-45.77,783989,348698,326197
1469,TIINDIA,Industrials,Conglomerates,90.77,28,31,61,82,2388.0,535603538673.0,-30.17,394689,251511,363017
1470,FRACTAL,Technology,Software - Infrastructure,90.76,28,22,62,73,721.3,135293551866.0,-35.48,273366,288678,308604
1471,HDFCLIFE,Financial Services,Insurance - Life,90.74,28,8,18,19,546.05,1205532576829.4697,-33.0,5552601,4245282,4002278
1472,VIVIDHA,Consumer Cyclical,Textile Manufacturing,90.7,28,19,9,27,0.5,155131274.64577055,-45.05,308918,243987,255283
1473,NAGREEKEXP,Consumer Cyclical,Textile Manufacturing,90.68,28,19,35,57,21.63,723107625.9269714,-45.93,63540,43609,80654
1474,JITFINFRA,Industrials,Engineering & Construction,90.64,28,36,74,68,278.3,9392134015.517029,-41.78,16867,16768,21953
1475,ACI,Basic Materials,Chemicals,90.64,28,20,34,57,476.2,68500886896.77905,-34.55,251566,365980,348466
1476,TAJGVK,Consumer Cyclical,Lodging,90.62,28,37,44,16,320.45,22566267667.800446,-37.49,37779,59296,79904
1477,S&SPOWER,Industrials,Electrical Equipment & Parts,90.57,28,46,63,71,290.6,4286220164.3463135,-38.03,5317,5393,5134
1478,CENTEXT,Basic Materials,Aluminum,90.53,28,36,17,40,17.82,1516000061.0351562,-48.72,116533,271420,424678
1479,SAMMAANCAP,Financial Services,Mortgage Finance,90.52,28,43,71,74,132.94,184525053919.0572,-31.1,3834228,4687691,6142966
1480,GENCON,Industrials,Engineering & Construction,90.51,28,45,35,74,37.04,2309081619.966221,-38.23,475860,419774,356763
1481,SNOWMAN,Industrials,Integrated Freight & Logistics,90.46,28,30,20,47,34.32,6086547740.34655,-46.42,109661,109507,197644
1482,EMAMIREAL,Real Estate,Real Estate - Development,90.45,28,15,41,5,69.12,3947811301.3453445,-46.42,10850,13147,12507
1483,POCL,Basic Materials,Specialty Chemicals,90.44,28,38,77,73,448.4,40137588192.530334,-30.76,294222,366023,427412
1484,ORISSAMINE,Basic Materials,Steel,90.43,28,48,13,23,3581.3,22482000000.0,-41.66,6700,7950,29548
1485,NAVNETEDUL,Communication Services,Publishing,90.42,28,35,57,70,123.95,31848061938.60562,-26.44,99001,104005,165346
1486,IRB,Industrials,Infrastructure Operations,90.39,27,29,36,63,17.44,236849587371.82617,-27.18,10892950,16231322,14109225
1487,FIEMIND,Consumer Cyclical,Auto Parts,90.38,27,31,66,86,1799.3,61374812583.7207,-29.59,61424,61177,95173
1488,BALKRISHNA,Consumer Cyclical,Packaging & Containers,90.37,27,41,40,42,16.0,565130620.7778625,-38.39,6736,10586,12429
1489,MAGNUM,Basic Materials,Paper & Paper Products,90.36,27,27,21,43,18.18,1328547781.3593693,-39.9,12621,25085,26588
1490,BRIGHOTEL,Consumer Cyclical,Lodging,90.35,27,18,28,35,56.87,22851328652.440624,-38.03,112922,100115,123117
1491,AHLADA,Industrials,Building Products & Equipment,90.34,27,12,3,20,38.8,491127188.3125305,-46.48,8445,12209,17333
1492,LFIC,Financial Services,Asset Management,90.33,27,24,17,14,129.0,429900009.15527344,-46.45,1043,9451,6701
1493,EIEL,Industrials,Engineering & Construction,90.27,27,61,59,55,187.41,38644685442.81006,-32.12,585426,1241944,1110897
1494,GUJAPOLLO,Industrials,Specialty Industrial Machinery,90.26,27,16,23,77,341.8,4725619579.162598,-38.53,11384,16075,13106
1495,AURUS,Consumer Cyclical,Luxury Goods,90.26,27,32,8,37,4.29,141523205.6236267,-43.18,36991,24216,21524
1496,PLATIND,Basic Materials,Specialty Chemicals,90.21,27,38,37,35,200.56,12906202073.963379,-41.43,90107,73340,73048
1497,STCINDIA,Industrials,Conglomerates,90.21,27,47,39,42,104.5,7073399963.378906,-30.66,11462,16907,29362
1498,TARIL,Industrials,Electrical Equipment & Parts,90.15,27,37,40,22,289.15,88548921030.0,-50.02,7993039,3633181,2721556
1499,WEIZMANIND,Consumer Cyclical,Textile Manufacturing,90.15,27,13,18,16,73.52,1195970473.706787,-39.98,1475,1219,1085
1500,RADIANTCMS,Industrials,Specialty Business Services,90.1,27,30,10,12,34.52,3940723001.1446686,-44.68,105359,351834,303454
1501,SHYAMTEL,n/a,n/a,90.04,27,17,91,22,11.15,173300468.1298542,-56.14,5625,10977,8375
1502,KALPATARU,Real Estate,Real Estate - Development,90.02,27,14,13,23,267.3,54847350727.39871,-37.74,94521,53845,77470
1503,GRINFRA,Industrials,Engineering & Construction,90.02,27,26,27,20,798.4,84167143788.3324,-40.64,17648,26318,35271
1504,PATELENG,Industrials,Engineering & Construction,90.01,27,34,53,17,25.74,26760436907.12614,-39.82,1673018,2198723,2723904
1505,DALBHARAT,Basic Materials,Building Materials,89.98,27,30,22,48,1640.1,339939309341.645,-34.3,72888,161248,176981
1506,GENESYS,Technology,Software - Application,89.98,27,7,36,0,294.85,12440995743.036438,-54.49,585097,1476220,1591896
1507,PACEDIGITK,Technology,Communication Equipment,89.92,26,18,69,32,165.45,42144971596.75,-28.67,2758194,2222088,1762923
1508,BOROSCI,Consumer Cyclical,Packaging & Containers,89.91,26,39,84,39,115.03,13527956508.766174,-36.38,79969,75974,87050
1509,LTM,Technology,Information Technology Services,89.88,26,44,12,25,3930.0,1213060022196.2454,-38.88,366562,390736,412282
1510,AERONEU,Consumer Cyclical,Packaging & Containers,89.87,26,34,56,58,70.21,2202462409.14917,-44.0,71370,50870,51998
1511,NDGL,Financial Services,Capital Markets,89.83,26,50,42,9,2383.7,2774500000.0,-45.3,212,254,274
1512,SHARDACROP,Basic Materials,Agricultural Inputs,89.82,26,19,52,96,742.05,78757982211.5744,-42.79,87770,100530,141557
1513,HINDUNILVR,Consumer Defensive,Household & Personal Products,89.82,26,21,32,57,1865.4,5039873256990.0,-32.17,1183409,1209063,1208877
1514,CESC,Utilities,Utilities - Regulated Electric,89.81,26,38,45,78,131.18,216306573058.6322,-35.85,1707163,1748719,1713430
1515,ARENTERP,Basic Materials,Other Industrial Metals & Mining,89.76,26,13,13,44,32.44,143065131.26789474,-46.64,692,1139,2434
1516,MCLEODRUSS,Consumer Defensive,Packaged Foods,89.75,26,36,73,95,42.0,5103707275.854721,-46.44,335886,264708,267905
1517,HECPROJECT,Industrials,Engineering & Construction,89.74,26,39,34,84,112.19,1511489866.3659668,-35.33,4364,11037,14071
1518,BALAXI,Healthcare,Drug Manufacturers - Specialty & Generic,89.69,26,32,9,6,22.38,1346510891.304016,-57.37,25803,44707,41577
1519,LAXMIDENTL,Healthcare,Medical Instruments & Supplies,89.67,26,18,29,1,197.12,11896007663.744934,-58.25,55735,62680,94443
1520,PFC,Financial Services,Credit Services,89.65,26,30,47,86,325.55,1359311894801.7773,-33.08,9412069,8860826,8809240
1521,HONDAPOWER,Industrials,Specialty Industrial Machinery,89.64,26,20,25,59,1871.4,21190903437.93286,-41.81,2302,2707,3412
1522,CANFINHOME,Financial Services,Mortgage Finance,89.64,26,37,67,78,727.0,108374524865.7445,-25.17,251938,257221,229424
1523,GRAUWEIL,Basic Materials,Specialty Chemicals,89.55,26,5,2,1,81.05,33538849208.480835,-29.89,526358,998917,760449
1524,MSPL,Basic Materials,Steel,89.55,26,41,63,75,30.95,20047596728.24587,-32.89,1010794,848766,885654
1525,CRAMC,Financial Services,Asset Management,89.5,26,29,36,54,229.52,51838562842.894775,-35.05,261089,361861,335875
1526,BELLACASA,Consumer Cyclical,Textile Manufacturing,89.5,26,19,6,7,251.77,3206306250.0,-49.38,16526,14934,13552
1527,ASAL,Consumer Cyclical,Auto Parts,89.43,25,43,62,59,423.3,8071011973.75,-35.34,7951,11404,14916
1528,NIRAJ,Industrials,Engineering & Construction,89.34,25,20,20,10,27.52,1707855103.8345337,-47.08,30724,28277,39501
1529,GLOBECIVIL,Industrials,Engineering & Construction,89.34,25,37,4,9,40.89,2397717900.973961,-54.26,23196,52895,68061
1530,PANACEABIO,Healthcare,Biotechnology,89.33,25,37,90,14,357.6,27023829882.88977,-44.73,54350,91246,117930
1531,GENUSPAPER,Basic Materials,Paper & Paper Products,89.32,25,50,12,44,10.47,3064941224.4171524,-49.42,164463,156780,134604
1532,GODFRYPHLP,Consumer Defensive,Tobacco,89.31,25,11,23,22,1862.4,332178771328.59375,-52.81,165810,157400,267859
1533,AAVAS,Financial Services,Mortgage Finance,89.3,25,30,43,25,1231.7,109340945854.0,-33.66,103733,124361,104161
1534,RAMAPHO,Basic Materials,Agricultural Inputs,89.27,25,42,17,62,115.17,4639160664.581604,-46.97,28320,23054,28773
1535,HEMIPROP,Real Estate,Real Estate - Diversified,89.25,25,20,53,52,112.87,38027084648.109375,-40.81,322350,278702,315438
1536,SUNCLAY,Industrials,Metal Fabrication,89.15,25,39,33,60,1131.8,30053326961.927246,-43.41,6889,5905,6281
1537,JIOFIN,Financial Services,Asset Management,89.15,25,26,25,24,216.44,1549823414666.9458,-36.08,13964636,11852968,13686075
1538,ARE&M,Industrials,Electrical Equipment & Parts,89.14,25,39,60,51,733.25,159762844703.99268,-30.68,353846,410709,791752
1539,GTLINFRA,Technology,Communication Equipment,89.11,25,17,44,44,1.07,15627116878.371632,-35.93,30175660,31186464,32657601
1540,PASHUPATI,Consumer Cyclical,Textile Manufacturing,89.11,25,43,68,78,69.6,13746285021.972656,-41.19,958171,394547,280427
1541,ZODIACLOTH,Consumer Cyclical,Apparel Manufacturing,89.09,25,26,34,32,67.71,2082424554.485321,-43.32,2687,3384,3655
1542,HDBFS,Financial Services,Credit Services,89.07,25,38,58,27,600.1,572876365581.0,-26.08,413739,529423,563351
1543,JSWHL,Financial Services,Asset Management,89.05,25,5,4,3,11272.0,120584528870.0,-50.54,6769,7251,5703
1544,MURUDCERA,Industrials,Building Products & Equipment,89.03,25,31,23,37,27.97,1840575880.9038162,-41.12,12698,15419,16718
1545,TCS,Technology,Information Technology Services,89.03,25,26,10,17,2080.3,8156254868491.83,-37.9,2808565,2863523,2885011
1546,SBFC,Financial Services,Credit Services,89.01,25,52,32,38,81.1,102006136962.84668,-34.07,1686963,1839566,1965969
1547,SHREDIGCEM,Basic Materials,Building Materials,88.99,24,34,37,30,64.55,11265151954.158264,-40.06,57994,94025,86487
1548,JBMA,Consumer Cyclical,Auto Parts,88.99,24,51,68,59,547.0,155152059010.30713,-30.76,187468,238638,509261
1549,JYOTHYLAB,Consumer Defensive,Household & Personal Products,88.97,24,13,6,27,191.44,72917788138.8294,-45.72,333540,783170,893064
1550,RHL,Consumer Cyclical,Lodging,88.93,24,14,13,21,165.87,2893592345.315918,-46.48,4124,4028,3680
1551,RAJSREESUG,Consumer Defensive,Confectioners,88.89,24,58,19,33,27.4,993074089.067585,-44.87,155080,79645,104881
1552,NBIFIN,Financial Services,Capital Markets,88.88,24,41,48,41,1839.3,6549425025.0,-38.51,736,2448,1910
1553,COCHINSHIP,Industrials,Aerospace & Defense,88.86,24,55,22,56,1255.1,366313684494.8706,-36.61,706173,959697,1025028
1554,SRM,Industrials,Engineering & Construction,88.86,24,48,40,79,421.45,11648673460.466705,-35.16,38740,63611,74938
1555,VIPIND,Consumer Cyclical,Footwear & Accessories,88.85,24,22,16,24,281.1,41962660931.37305,-40.56,173069,289296,314069
1556,DIGIDRIVE,Consumer Cyclical,Internet Retail,88.85,24,12,6,23,18.1,690518902.4495316,-50.88,17164,16028,18448
1557,RUSHIL,Consumer Cyclical,"Furnishings, Fixtures & Appliances",88.84,24,24,6,7,15.17,5211082790.35778,-55.37,218633,424269,534775
1558,IVALUE,Technology,Information Technology Services,88.78,24,30,75,69,232.04,15717160992.874756,-31.75,132868,167552,225544
1559,BSOFT,Technology,Information Technology Services,88.77,24,10,7,63,278.05,78953274227.18161,-41.34,1113570,1438279,1498532
1560,SANOFICONR,Healthcare,Drug Manufacturers - General,88.62,24,25,50,67,3722.9,107814891858.1875,-32.46,8815,5851,8547
1561,ARVINDFASN,Consumer Cyclical,Apparel Retail,88.58,24,40,51,69,397.95,61835479845.08469,-31.27,209594,201876,209045
1562,SPANDANA,Financial Services,Credit Services,88.55,24,49,83,34,218.19,23179230819.0,-31.69,139222,108872,139806
1563,NITCO,Industrials,Building Products & Equipment,88.52,24,55,60,28,82.75,25045337338.379898,-41.72,592929,615832,1033106
1564,SAMPANN,Basic Materials,Specialty Chemicals,88.51,24,22,32,72,23.96,1345691685.10437,-44.84,13329,18349,17367
1565,ENERGYDEV,Utilities,Utilities - Regulated Electric,88.5,24,23,34,38,14.57,828875036.239624,-50.93,17561,22682,24344
1566,AGIIL,Real Estate,Real Estate - Development,88.5,24,35,77,97,257.15,38967935709.0,-40.8,996267,1281365,1321846
1567,IRIS,Technology,Software - Application,88.49,24,38,30,9,223.23,5028936391.5,-42.48,15760,21938,25610
1568,MAZDOCK,Industrials,Aerospace & Defense,88.48,23,43,26,63,2064.4,925273063696.2891,-32.57,464375,534411,745971
1569,ATLANTAA,Industrials,Infrastructure Operations,88.48,23,46,28,69,35.47,2867170024.871826,-51.67,110763,63570,91717
1570,DGCONTENT,Communication Services,Internet Content & Information,88.47,23,24,10,16,24.16,1398340368.233797,-42.72,41168,31519,32478
1571,JKIL,Industrials,Engineering & Construction,88.46,23,32,24,19,442.2,36746952527.0744,-40.0,58975,49922,69752
1572,GMDCLTD,Energy,Thermal Coal,88.39,23,56,66,97,477.1,178890896118.16406,-38.19,742169,868003,1113741
1573,SOBHA,Real Estate,Real Estate - Development,88.38,23,31,61,52,1197.9,145703213280.55518,-30.84,109269,90255,88956
1574,KNRCON,Industrials,Engineering & Construction,88.37,23,22,17,4,115.72,34091258555.303955,-47.4,890143,1505180,1604973
1575,ZEEMEDIA,Communication Services,Broadcasting,88.34,23,17,20,16,7.21,5223766442.08559,-49.23,675806,1649530,3835179
1576,DAMCAPITAL,Financial Services,Capital Markets,88.32,23,22,24,6,148.74,11159906025.146484,-47.99,2453340,939770,687001
1577,LAOPALA,Consumer Cyclical,"Furnishings, Fixtures & Appliances",88.25,23,21,32,19,155.04,20462850677.490234,-44.83,92975,141456,341960
1578,IEX,Financial Services,Capital Markets,88.19,23,32,23,18,105.85,110557502405.80234,-33.96,3443995,3406281,3408697
1579,ASIANTILES,Industrials,Building Products & Equipment,88.19,23,13,3,88,47.19,15852533850.858307,-40.31,1211650,2675093,4556453
1580,CPEDU,Consumer Defensive,Education & Training Services,88.17,23,44,26,15,179.72,3392437357.5381775,-46.95,4106,5046,13281
1581,FORTIS,Healthcare,Medical Care Facilities,88.17,23,47,68,76,779.1,716228804223.3977,-29.45,2646409,1532380,1529705
1582,THEINVEST,Financial Services,Capital Markets,88.06,23,25,12,18,90.2,4973981432.740822,-48.14,4701,5178,5702
1583,JAINREC,Basic Materials,Other Industrial Metals & Mining,88.04,23,13,33,85,295.15,117674262574.0,-50.31,799005,1593318,1699767
1584,MFSL,Financial Services,Insurance - Life,88.03,23,32,50,75,1345.1,520493343517.0,-28.92,2451368,1162914,1035792
1585,SHREECEM,Basic Materials,Building Materials,87.99,23,27,48,31,21780.0,964799201520.0,-31.77,67923,34478,33785
1586,IREDA,Financial Services,Credit Services,87.93,23,23,24,46,107.33,338456192599.04285,-34.29,6246383,4281563,4723368
1587,CHOLAHLDNG,Financial Services,Credit Services,87.92,23,34,28,23,1402.7,284802067446.5786,-32.04,235602,166973,181019
1588,HDFCBANK,Financial Services,Banks - Regional,87.91,23,12,38,23,702.75,11442850486324.809,-31.14,31318402,31356885,28855222
1589,CLEDUCATE,Consumer Defensive,Education & Training Services,87.88,22,36,18,1,53.12,3306034785.451355,-52.88,22049,17982,20682
1590,COASTCORP,Consumer Defensive,Packaged Foods,87.87,22,43,76,93,36.98,3344173114.3398285,-44.56,55531,67120,135755
1591,EMAMILTD,Consumer Defensive,Household & Personal Products,87.87,22,11,19,25,375.45,178048347335.81543,-40.8,2285317,2318753,1676125
1592,NAVKARCORP,Industrials,Integrated Freight & Logistics,87.82,22,33,54,65,85.88,15375534568.824043,-38.74,538319,380061,331731
1593,ORIENTPPR,Basic Materials,Paper & Paper Products,87.8,22,28,7,11,15.99,3730221108.971531,-48.24,127583,259101,268127
1594,JARO,Consumer Defensive,Education & Training Services,87.8,22,12,47,7,414.4,10594023367.75531,-53.44,98549,110162,112896
1595,NCC,Industrials,Engineering & Construction,87.79,22,30,15,34,126.88,86071486449.67712,-43.85,4861707,3044724,2906059
1596,GPIL,Basic Materials,Steel,87.78,22,45,56,93,214.31,156240968843.56842,-33.03,1241294,1401994,1598688
1597,LGHL,Consumer Cyclical,Luxury Goods,87.71,22,2,3,44,215.12,10214374093.044434,-46.16,40954,22744,21664
1598,HERANBA,Basic Materials,Agricultural Inputs,87.69,22,10,7,22,169.27,7000756454.965103,-58.07,381267,149251,115022
1599,ALANKIT,Technology,Information Technology Services,87.62,22,19,5,8,7.71,2158418486.3438606,-51.36,106587,110530,112804
1600,MALLCOM,Industrials,Security & Protection Services,87.62,22,29,33,43,902.1,6482736152.34375,-40.65,3540,4501,3600
1601,DRCSYSTEMS,Technology,Information Technology Services,87.57,22,20,9,33,12.96,1932130613.3149338,-45.27,57816,60386,57128
1602,INDOSTAR,Financial Services,Credit Services,87.55,22,53,73,15,200.12,42092894323.5,-33.72,113807,129177,138500
1603,NFL,Basic Materials,Agricultural Inputs,87.53,22,22,27,35,63.76,34492566106.29883,-38.08,484841,451817,646747
1604,GRSE,Industrials,Aerospace & Defense,87.52,22,48,52,88,2102.0,293917527193.3594,-37.05,315008,312927,397014
1605,NECLIFE,Healthcare,Drug Manufacturers - Specialty & Generic,87.51,22,32,8,6,10.59,2181550604.174385,-52.72,150172,243835,223142
1606,ICICIPRULI,Financial Services,Insurance - Life,87.46,22,21,17,30,457.5,725673593174.526,-35.27,1867253,1521385,1488023
1607,PSB,Financial Services,Banks - Regional,87.45,22,28,30,27,21.06,168662063927.50116,-35.12,776338,932982,1004401
1608,CROMPTON,Consumer Cyclical,"Furnishings, Fixtures & Appliances",87.42,22,24,40,38,210.7,161075302051.1055,-37.57,2423125,2621822,3319178
1609,SANOFI,Healthcare,Drug Manufacturers - General,87.39,22,14,15,6,3023.8,78048472646.71582,-48.96,21867,17839,19120
1610,TATACHEM,Basic Materials,Chemicals,87.38,21,10,32,25,609.8,174597208907.6643,-40.6,1190056,2699625,1876414
1611,VINATIORGA,Basic Materials,Specialty Chemicals,87.38,21,30,26,13,1142.3,134873215232.16931,-40.19,43456,52726,54551
1612,HAVELLS,Industrials,Electrical Equipment & Parts,87.37,21,19,21,39,1060.5,769955406160.1294,-34.58,813433,844594,846753
1613,SAMHI,Consumer Cyclical,Lodging,87.35,21,24,41,25,147.25,39464458011.2417,-37.32,707936,1414797,1219531
1614,MADRASFERT,Basic Materials,Agricultural Inputs,87.31,21,30,30,31,58.89,10689071009.178925,-39.54,29258,92785,73218
1615,OLECTRA,Industrials,Farm & Heavy Construction Machinery,87.28,21,49,72,63,1084.1,109684492860.94849,-36.76,328518,353149,372389
1616,GODIGIT,Financial Services,Insurance - Property & Casualty,87.27,21,9,37,58,264.75,236856663027.58856,-30.58,1523373,797880,789194
1617,CHEMFAB,Basic Materials,Specialty Chemicals,87.27,21,11,8,5,331.8,5274430124.3602295,-56.57,4958,4340,4024
1618,ARIHANTSUP,Real Estate,Real Estate - Development,87.26,21,14,17,5,231.18,11357447900.576996,-50.28,6290,17314,14393
1619,BHANDARI,Consumer Cyclical,Apparel Manufacturing,87.25,21,29,6,5,2.78,1008857982.46404,-48.52,104104,120104,119257
1620,RUSTOMJEE,Real Estate,Real Estate - Development,87.2,21,9,21,6,379.3,50463287121.0,-43.22,102781,84636,243232
1621,WAAREERTL,Industrials,Engineering & Construction,87.16,21,25,37,67,812.45,97250278144.0,-40.17,91383,112405,108748
1622,SURANAT&P,Utilities,Utilities - Independent Power Producers,87.15,21,24,37,57,15.76,2477619324.75,-41.15,34277,45693,60842
1623,PIGL,Industrials,Engineering & Construction,87.14,21,18,33,46,97.09,2228873500.380707,-48.82,55059,58028,66337
1624,COROMANDEL,Basic Materials,Agricultural Inputs,87.11,21,37,43,39,1745.5,583338956910.9187,-35.8,247339,158640,145822
1625,MAANALU,Basic Materials,Aluminum,87.08,21,31,26,83,103.99,6889861515.651855,-43.71,75110,68050,70444
1626,RVHL,Real Estate,Real Estate - Development,87.02,21,22,43,23,37.38,2813011903.5170364,-47.62,8713,9114,9374
1627,AKG,Industrials,Industrial Distribution,87.01,21,15,26,42,9.38,332382986.1721802,-37.76,21042,24520,43567
1628,UNIECOM,Technology,Software - Application,86.95,21,10,8,22,82.61,9482554309.081383,-46.98,239709,704014,613576
1629,GODAVARIB,Basic Materials,Chemicals,86.92,20,27,37,92,226.24,14272979672.946625,-35.91,64301,423679,494662
1630,MARATHON,Real Estate,Real Estate - Development,86.92,20,42,6,36,377.7,25814401895.25,-48.75,62498,174064,238143
1631,UBL,Consumer Defensive,Beverages - Brewers,86.91,20,13,17,28,1185.7,369797034936.19617,-41.93,118551,138214,119236
1632,TVSELECT,Technology,Computer Hardware,86.89,20,44,70,73,397.0,9346985167.38144,-46.3,330822,126799,99703
1633,RCF,Basic Materials,Agricultural Inputs,86.87,20,18,42,47,107.58,68530696455.44739,-34.6,976635,1183370,1348317
1634,VMM,Consumer Cyclical,Department Stores,86.85,20,14,29,52,100.5,506092709646.17267,-36.23,11231907,9988185,12724604
1635,ITI,Technology,Communication Equipment,86.82,20,30,36,62,245.84,264928712843.26797,-34.06,264623,183472,245460
1636,HATHWAY,Communication Services,Entertainment,86.77,20,21,31,21,9.64,19046324825.144768,-38.99,2062322,1494948,1468505
1637,EUROBOND,Industrials,Building Products & Equipment,86.75,20,16,32,53,140.27,3959445014.9536133,-44.88,3297,4180,6066
1638,SOMATEX,Consumer Cyclical,Textile Manufacturing,86.72,20,30,93,95,80.95,3433430244.675232,-49.8,6380,10816,10953
1639,SPMLINFRA,Industrials,Engineering & Construction,86.72,20,27,41,62,160.02,16778653095.608963,-50.52,156314,163997,170977
1640,SWIGGY,Consumer Cyclical,Internet Retail,86.72,20,31,14,16,246.0,655214263376.6113,-48.1,11034723,20965576,19708245
1641,HEADSUP,Consumer Cyclical,Apparel Retail,86.65,20,24,7,9,6.33,157007352.9383464,-51.12,7375,13222,17039
1642,INDIANCARD,Consumer Cyclical,Textile Manufacturing,86.56,20,44,46,22,186.99,1330632653.6523438,-41.48,4254,2175,2631
1643,MFML,Consumer Cyclical,Textile Manufacturing,86.52,20,7,5,50,18.39,199130156.25,-50.28,5297,4421,4319
1644,SHREYANIND,Basic Materials,Paper & Paper Products,86.47,20,15,4,40,129.0,1916773773.121643,-47.82,4443,6277,6418
1645,URJA,Technology,Solar,86.44,20,13,14,40,8.51,5137439468.790054,-42.89,473249,516422,682500
1646,BLAL,Financial Services,Shell Companies,86.41,20,15,32,45,156.57,7326100363.746643,-33.03,15084,19909,19569
1647,AROGRANITE,Industrials,Building Products & Equipment,86.38,20,23,19,27,22.53,382653003.5018921,-50.62,3586,6640,8449
1648,GLOBUSSPR,Consumer Defensive,Beverages - Wineries & Distilleries,86.37,20,39,40,60,796.85,25592892780.433594,-38.85,70025,78320,88029
1649,WAAREEENER,Technology,Solar,86.36,20,20,28,88,2401.0,777233907170.0,-37.88,472130,542193,612685
1650,AVANTIFEED,Consumer Defensive,Packaged Foods,86.33,20,27,67,99,722.3,133118791128.34534,-54.68,257269,282115,345870
1651,DCM,Industrials,Metal Fabrication,86.29,19,23,73,7,71.01,1427353544.3800201,-31.92,10659,15661,11727
1652,KOKUYOCMLN,Industrials,Business Equipment & Supplies,86.28,19,26,29,38,73.0,8412480484.712631,-42.97,31028,29681,41663
1653,GKENERGY,Utilities,Utilities - Renewable,86.26,19,34,46,16,114.63,27611542469.450165,-52.16,438619,600715,582648
1654,HITECH,Basic Materials,Steel,86.25,19,18,37,36,73.9,17187800926.446762,-42.04,1012468,906370,784210
1655,FDC,Healthcare,Drug Manufacturers - Specialty & Generic,86.23,19,25,61,29,328.55,67232426175.22778,-37.75,101756,133233,201916
1656,FCSSOFT,Technology,Information Technology Services,86.17,19,11,18,17,1.4,2598520679.3928623,-46.36,2126699,1758402,1921432
1657,PARKHOTELS,Consumer Cyclical,Lodging,86.13,19,28,48,32,103.62,26114873837.706696,-36.86,248005,175678,156066
1658,STARCEMENT,Basic Materials,Building Materials,86.13,19,20,33,65,174.88,82808485808.4972,-43.4,144936,280488,250231
1659,BUTTERFLY,Consumer Cyclical,"Furnishings, Fixtures & Appliances",86.1,19,35,75,52,545.0,13622430343.412476,-33.85,14647,18030,22453
1660,LINC,Industrials,Business Equipment & Supplies,86.07,19,25,51,24,86.84,6109440151.051987,-39.48,33796,25627,25482
1661,MSUMI,Consumer Cyclical,Auto Parts,86.03,19,27,43,54,33.57,265995962776.4252,-37.36,9156142,9821794,10447434
1662,GHCL,Basic Materials,Chemicals,86.01,19,26,15,28,398.8,39984004547.349976,-40.23,150586,120419,133311
1663,ACEINTEG,Industrials,Staffing & Employment Services,86.0,19,20,48,18,16.84,200940007.78198242,-43.75,1407,3386,3712
1664,MUTHOOTFIN,Financial Services,Credit Services,85.97,19,23,35,87,2654.4,1199065877666.247,-36.03,527963,604297,962176
1665,GALLANTT,Basic Materials,Steel,85.95,19,32,55,97,514.55,125755631479.32404,-45.72,55798,79953,90969
1666,NILASPACES,Real Estate,Real Estate - Development,85.92,19,18,16,46,11.35,4683342723.231125,-44.55,584018,1219062,1169915
1667,ENIL,Communication Services,Broadcasting,85.89,19,18,16,35,92.0,5035425805.519295,-47.3,15348,19798,32047
1668,DCMSRIND,Consumer Defensive,Confectioners,85.86,19,13,2,0,39.81,3467508547.195816,-78.11,1076682,504298,438468
1669,YATRA,Consumer Cyclical,Travel Services,85.85,19,34,29,65,101.59,16895166212.98787,-49.71,816998,1185212,1693274
1670,APTUS,Financial Services,Mortgage Finance,85.84,19,36,65,32,219.46,138794703725.8037,-39.71,1445065,1426731,1444232
1671,VASCONEQ,Industrials,Engineering & Construction,85.83,19,6,4,14,32.33,7988916281.21748,-56.66,1294412,654479,569173
1672,GOCOLORS,Consumer Cyclical,Apparel Retail,85.81,18,13,21,0,306.15,17048987892.57959,-65.01,67408,73859,189785
1673,JKTYRE,Consumer Cyclical,Auto Parts,85.78,18,28,53,74,333.4,112605884756.17953,-45.51,522853,432837,602066
1674,HEIDELBERG,Basic Materials,Building Materials,85.72,18,42,36,26,127.49,35447403870.63864,-43.29,169571,199511,150350
1675,ROHLTD,Consumer Cyclical,Lodging,85.71,18,17,15,39,297.25,8527870939.030457,-49.91,15062,15571,20012
1676,DECCANCE,Basic Materials,Building Materials,85.67,18,12,6,27,545.25,7755252716.97998,-53.19,22690,30885,29934
1677,DHANUKA,Basic Materials,Agricultural Inputs,85.66,18,17,24,14,891.8,45171215165.031006,-54.85,22571,21251,29500
1678,IRCTC,Consumer Cyclical,Travel Services,85.63,18,12,12,17,453.65,396039990234.375,-39.51,726486,677350,801880
1679,PILITA,Consumer Cyclical,"Furnishings, Fixtures & Appliances",85.62,18,17,42,5,7.32,1966949973.1063843,-53.96,28617,61556,56545
1680,SONATSOFTW,Technology,Information Technology Services,85.62,18,38,36,8,248.1,79744488208.31937,-41.14,723830,1100551,1272804
1681,BRNL,Industrials,Infrastructure Operations,85.61,18,21,19,57,15.93,1516136955.165863,-39.89,25258,21854,23276
1682,KANANIIND,Consumer Cyclical,Luxury Goods,85.58,18,37,19,47,1.33,294823321.8870163,-41.41,110644,145173,130073
1683,BIRLACORPN,Basic Materials,Building Materials,85.56,18,17,40,18,814.4,73663313060.18665,-46.95,55869,52688,51370
1684,MARUTI,Consumer Cyclical,Auto Manufacturers,85.55,18,26,43,48,11450.0,4226199399708.0,-34.08,446429,406318,381662
1685,PRSMJOHNSN,Basic Materials,Building Materials,85.53,18,24,15,55,100.71,54372576081.86539,-42.78,330207,336064,2350411
1686,EIDPARRY,Basic Materials,Agricultural Inputs,85.49,18,27,16,30,699.55,134890414536.0,-43.89,279573,345816,557257
1687,PIONEEREMB,Consumer Cyclical,Textile Manufacturing,85.48,18,8,11,13,20.7,679480472.5896835,-53.9,5972,9942,15503
1688,INDOFARM,Industrials,Farm & Heavy Construction Machinery,85.47,18,33,40,17,139.92,7315856100.0,-48.5,99637,185864,185422
1689,BLS,Industrials,Specialty Business Services,85.45,18,14,9,31,220.84,96131600812.5325,-46.77,602860,797011,1974191
1690,RALLIS,Basic Materials,Agricultural Inputs,85.41,18,11,25,64,200.03,42534235858.18878,-48.17,410671,549750,616821
1691,VASWANI,Basic Materials,Steel,85.39,18,13,47,87,43.8,1733087747.5855713,-37.42,45896,30433,31721
1692,MEDPLUS,Healthcare,Pharmaceutical Retailers,85.38,17,9,45,73,647.3,86527821724.10889,-36.68,92377,93769,148872
1693,SCODATUBES,Basic Materials,Steel,85.35,17,36,38,48,122.88,8802414238.214111,-38.97,640798,324559,270804
1694,PFIZER,Healthcare,Drug Manufacturers - General,85.33,17,26,36,60,3815.1,211519218142.75195,-35.05,38627,47542,51575
1695,BATAINDIA,Consumer Cyclical,Footwear & Accessories,85.28,17,20,6,5,615.1,88677577791.9397,-52.04,93920,135406,378368
1696,POKARNA,Industrials,Building Products & Equipment,85.21,17,36,78,79,704.45,28725206000.0,-38.54,52211,108339,108468
1697,NILAINFRA,Real Estate,Real Estate - Development,85.18,17,10,7,24,6.63,2883269011.6155624,-45.48,164151,174907,184259
1698,TREEHOUSE,Consumer Defensive,Education & Training Services,85.08,17,11,15,60,5.78,268673093.3649349,-47.45,16716,18364,18903
1699,MCLOUD,Technology,Information Technology Services,85.07,17,34,16,2,24.76,15675076422.738037,-73.8,2044711,1600755,2637693
1700,TVTODAY,Communication Services,Broadcasting,85.04,17,32,33,13,101.3,6948410034.655838,-37.47,23248,32008,34206
1701,KPIGREEN,Utilities,Utilities - Renewable,85.04,17,2,28,58,334.45,77131604326.58789,-39.41,2704379,2406762,2106138
1702,TREJHARA,Technology,Software - Application,85.04,17,22,4,17,127.48,3346199617.5,-55.25,23611,19645,32311
1703,BSHSL,Basic Materials,Agricultural Inputs,85.03,17,31,9,32,78.25,9302690032.121582,-47.83,5264,6855,7044
1704,GREENPOWER,Utilities,Utilities - Independent Power Producers,85.0,17,15,21,38,8.65,11765507326.83675,-42.49,1478143,3357318,2712337
1705,ORIENTTECH,Technology,Information Technology Services,84.97,17,19,20,17,239.8,11853654886.564575,-48.62,1513104,868441,595421
1706,EASEMYTRIP,Consumer Cyclical,Travel Services,84.94,17,4,21,41,5.86,24839706996.57012,-44.72,10650605,13129985,16054298
1707,INNOVISION,Industrials,Staffing & Employment Services,84.9,17,5,18,46,256.0,6793932487.510376,-45.53,11911,70453,50474
1708,JTEKTINDIA,Consumer Cyclical,Auto Parts,84.88,17,19,54,39,114.46,36510977307.323,-39.28,67140,122976,184173
1709,APCL,Basic Materials,Building Materials,84.87,17,19,16,33,92.64,3024719484.937866,-40.23,4134,5769,7255
1710,MIDWESTLTD,Basic Materials,Building Materials,84.86,17,22,56,72,1067.15,44629677341.53516,-42.62,71352,40974,32318
1711,ANTGRAPHIC,Consumer Cyclical,Packaging & Containers,84.86,17,14,10,15,0.7,116257200.0,-44.0,178245,253538,207529
1712,MODINATUR,Consumer Defensive,Packaged Foods,84.86,17,37,67,57,299.6,4573408811.331604,-42.91,6272,8919,8490
1713,BAYERCROP,Basic Materials,Agricultural Inputs,84.84,16,29,15,59,3491.5,189543273010.0,-46.36,44049,28831,26306
1714,MUFTI,Consumer Cyclical,Apparel Retail,84.79,16,14,27,4,69.96,5422478901.019821,-59.11,64229,71691,94033
1715,JWL,Industrials,Railroads,84.75,16,21,18,22,223.56,105368170712.18092,-40.04,3171775,1488583,1223988
1716,ARCHIES,Consumer Cyclical,Specialty Retail,84.64,16,16,16,14,12.42,464475000.0,-49.06,17993,22097,17784
1717,HUDCO,Financial Services,Credit Services,84.63,16,24,46,41,161.79,391451512559.5093,-34.46,2793397,2097569,1946192
1718,RKDL,Consumer Defensive,Beverages - Wineries & Distilleries,84.6,16,23,12,26,16.93,477839996.3378906,-47.88,9945,12789,12256
1719,INDIASHLTR,Financial Services,Mortgage Finance,84.59,16,17,50,49,633.85,78799815022.08191,-34.99,101672,88333,120344
1720,IPL,Basic Materials,Agricultural Inputs,84.58,16,11,29,44,130.39,17272222437.80841,-46.96,178351,1103103,726129
1721,SHRIRAMPPS,Real Estate,Real Estate - Development,84.54,16,27,55,67,68.05,14509035834.964539,-31.57,263981,354600,397238
1722,UFO,Communication Services,Entertainment,84.49,16,28,40,62,56.88,2602035083.807869,-38.82,27665,26632,32656
1723,SRD,Basic Materials,Specialty Chemicals,84.48,16,6,3,2,37.81,2425620180.4733276,-58.45,27741,27769,32543
1724,GODREJCP,Consumer Defensive,Household & Personal Products,84.39,16,10,34,48,865.55,1084191597703.5,-33.88,952584,1239576,1770792
1725,ICRA,Financial Services,Financial Data & Stock Exchanges,84.37,16,25,28,40,4346.3,46239004420.0,-37.75,28940,31416,37722
1726,LAXMICOT,Consumer Cyclical,Textile Manufacturing,84.35,16,12,12,11,12.8,242125098.4376049,-55.09,9628,16206,23270
1727,ROSSARI,Basic Materials,Specialty Chemicals,84.35,16,19,42,20,422.9,27130812840.632812,-41.05,59157,66250,72601
1728,GODREJPROP,Real Estate,Real Estate - Development,84.35,16,53,68,36,1580.2,611097094401.1011,-32.81,399357,611274,592798
1729,SAKSOFT,Technology,Information Technology Services,84.33,16,40,58,12,139.08,21515336572.034256,-39.45,164063,234752,330173
1730,DBCORP,Communication Services,Publishing,84.33,16,21,27,31,171.05,37210664241.25,-40.59,82132,68835,76823
1731,DCXINDIA,Industrials,Aerospace & Defense,84.27,16,28,37,48,157.88,20125298814.541443,-44.8,242966,341887,387805
1732,GAYAHWS,Industrials,Infrastructure Operations,84.26,16,17,13,89,1.86,450545570.8572507,-60.92,163436,229795,235452
1733,GEMAROMA,Basic Materials,Chemicals,84.21,16,26,52,23,153.2,9303434596.630188,-56.18,54730,77186,89544
1734,INVENTURE,Financial Services,Capital Markets,84.2,15,13,7,9,0.83,934499984.9796295,-51.74,632859,678913,954246
1735,INDOWIND,Utilities,Utilities - Renewable,84.19,15,11,4,2,8.58,1449019530.0,-54.7,99567,90979,112024
1736,ALPA,Healthcare,Drug Manufacturers - Specialty & Generic,84.17,15,18,27,13,57.71,1413297063.4735107,-45.3,32497,19874,18397
1737,BIRLAMONEY,Financial Services,Capital Markets,84.15,15,20,36,66,118.98,7458649750.404312,-39.72,22840,28692,30855
1738,DOLATALGO,Financial Services,Capital Markets,84.14,15,33,22,40,61.68,12101760375.976562,-35.59,92616,119681,150288
1739,FLAIR,Industrials,Business Equipment & Supplies,84.11,15,14,15,78,227.97,26612332945.0,-36.14,65530,84290,112308
1740,RUCHINFRA,Industrials,Specialty Business Services,84.1,15,22,25,35,4.94,1413789348.558178,-40.12,68486,102257,77202
1741,VARDMNPOLY,Consumer Cyclical,Textile Manufacturing,84.07,15,11,14,56,5.4,2902944324.5942764,-49.3,170907,145000,210916
1742,BDL,Industrials,Aerospace & Defense,84.04,15,34,21,37,1085.0,455637187500.0,-34.94,964936,960970,1335649
1743,SALZERELEC,Industrials,Electrical Equipment & Parts,84.03,15,14,23,31,521.0,10184372591.003723,-45.99,26095,39789,49843
1744,AJMERA,Real Estate,Real Estate - Development,83.98,15,7,28,3,117.99,24121242760.442734,-46.71,253493,305426,314720
1745,EFCIL,Real Estate,Real Estate Services,83.95,15,14,9,1,173.8,28893885890.095856,-51.32,205474,264550,317931
1746,ISHANCH,Basic Materials,Chemicals,83.94,15,4,15,78,47.08,1424857345.3806,-43.53,14698,35699,68562
1747,KARMAENG,Utilities,Utilities - Renewable,83.94,15,19,14,46,34.86,441739472.77085876,-52.7,5260,11646,9484
1748,BEARDSELL,Industrials,Building Products & Equipment,83.91,15,28,53,39,22.22,1090038655.9295654,-42.44,42223,25262,23062
1749,SGL,Consumer Cyclical,Textile Manufacturing,83.91,15,16,8,39,9.09,265140296.54942513,-56.28,29706,15753,12114
1750,BBTC,Consumer Defensive,Packaged Foods,83.9,15,27,27,18,1269.4,101741381173.16895,-40.54,72734,641932,399139
1751,SUBROS,Consumer Cyclical,Auto Parts,83.81,15,33,40,54,675.5,51011095508.83484,-44.34,27054,32363,44821
1752,INFY,Technology,Information Technology Services,83.76,15,12,8,19,992.0,4215773731220.17,-42.59,9524142,8871793,8938633
1753,BOMDYEING,Consumer Cyclical,Textile Manufacturing,83.75,15,19,44,20,101.63,25137362489.91165,-48.0,333431,870914,706189
1754,WIPRO,Technology,Information Technology Services,83.68,14,12,9,17,159.6,1752112280141.2805,-41.56,28561446,16400286,14127689
1755,UMESLTD,Consumer Defensive,Education & Training Services,83.65,14,45,52,85,4.51,144079606.72103834,-36.83,23190,55021,45050
1756,DJML,Industrials,Specialty Business Services,83.64,14,19,85,66,72.62,4109946771.1805267,-41.81,101645,202449,303351
1757,SUNTECK,Real Estate,Real Estate - Development,83.63,14,17,16,25,278.15,44970370156.25,-41.19,103021,104888,133772
1758,EMSLIMITED,Industrials,Engineering & Construction,83.5,14,61,54,10,328.95,22395573785.233704,-47.23,106814,438883,453442
1759,MOKSH,Consumer Cyclical,Luxury Goods,83.49,14,10,27,16,9.52,897788959.3233871,-42.82,60517,149322,114259
1760,SBGLP,Real Estate,Real Estate - Development,83.48,14,17,6,12,22.72,4234829478.0306244,-49.81,174320,155367,100635
1761,UNITECH,Real Estate,Real Estate - Diversified,83.46,14,5,11,16,4.1,11459398885.271893,-48.3,2945944,5383856,4776554
1762,INDRAMEDCO,Healthcare,Medical Care Facilities,83.45,14,18,16,38,329.4,33423976359.527588,-48.6,278813,205468,372537
1763,KHAICHEM,Basic Materials,Agricultural Inputs,83.38,14,10,1,21,48.82,4738892371.19751,-64.05,146964,147107,223995
1764,RUPA,Consumer Cyclical,Apparel Manufacturing,83.31,14,27,54,15,127.62,12980859479.270325,-41.96,123137,103527,105381
1765,HCL-INSYS,Technology,Electronics & Computer Distribution,83.28,14,6,25,40,10.05,3733240633.7534485,-39.09,219179,275786,244158
1766,LIBERTSHOE,Consumer Cyclical,Footwear & Accessories,83.27,14,25,31,36,216.48,4400580000.0,-46.54,19642,22199,26398
1767,ERIS,Healthcare,Drug Manufacturers - Specialty & Generic,83.24,14,31,43,37,1145.8,194093028310.1361,-39.21,145136,85824,88566
1768,SBICARD,Financial Services,Credit Services,83.18,14,38,14,13,557.4,588828791925.0,-42.24,941980,2338487,2085700
1769,CIFL,Financial Services,Credit Services,83.15,14,3,4,20,20.97,7840678516.64772,-47.17,200549,191710,152668
1770,INDIAMART,Communication Services,Internet Content & Information,83.13,14,8,26,45,1605.3,105838022162.6289,-40.21,54764,94799,103619
1771,BFUTILITIE,Industrials,Infrastructure Operations,83.1,14,25,50,21,496.2,21862292210.819824,-44.79,45161,223498,159423
1772,JYOTISTRUC,Industrials,Specialty Industrial Machinery,83.07,14,15,27,72,9.03,13094449827.631592,-49.81,4656202,5173363,5153270
1773,ADSL,Technology,Information Technology Services,83.04,14,10,24,9,102.04,6692079015.346436,-51.3,960756,376995,265127
1774,RELAXO,Consumer Cyclical,Footwear & Accessories,83.02,14,30,60,6,287.75,100309806267.5011,-45.29,126073,220870,263532
1775,BAGFILMS,Communication Services,Broadcasting,83.01,13,20,4,16,4.12,989348120.2870846,-48.5,54432,87811,93827
1776,BORORENEW,Technology,Solar,82.98,13,41,77,44,438.1,81634887588.42773,-39.24,309367,422055,419900
1777,SIGNATURE,Real Estate,Real Estate - Development,82.93,13,21,26,14,712.5,108096104642.38257,-39.99,422619,299537,263137
1778,INNOVANA,Technology,Software - Application,82.9,13,8,4,45,289.9,7114271126.098633,-48.67,36607,28764,19875
1779,PAKKA,Basic Materials,Paper & Paper Products,82.85,13,15,0,10,72.37,3407792367.1699524,-64.28,151918,122687,195214
1780,GTPL,Communication Services,Entertainment,82.83,13,6,4,4,55.92,6824257180.1609955,-55.26,27304,74242,76610
1781,DENTA,Industrials,Engineering & Construction,82.79,13,41,62,47,263.7,8988554837.036133,-45.02,67298,98167,177010
1782,MAHEPC,Industrials,Farm & Heavy Construction Machinery,82.75,13,15,33,27,98.37,2958758398.0841064,-46.86,12550,15948,18394
1783,ANNAPURNA,n/a,n/a,82.72,13,13,1,6,129.4,5299867000.0,-54.91,41739,40273,65382
1784,KSCL,Basic Materials,Agricultural Inputs,82.67,13,8,24,35,710.75,42644646049.5,-41.98,3091767,1073779,714059
1785,TEAMLEASE,Industrials,Staffing & Employment Services,82.64,13,22,39,7,1101.0,22022955313.041992,-47.57,19333,18175,22515
1786,KRITIKA,Basic Materials,Steel,82.53,13,10,10,12,4.95,1456551544.1322327,-55.41,105889,104763,139434
1787,RSSOFTWARE,Technology,Information Technology Services,82.53,13,8,5,3,30.04,815233036.9246445,-63.37,14679,31843,29199
1788,BAJAJELEC,Consumer Cyclical,"Furnishings, Fixtures & Appliances",82.51,13,26,3,13,300.7,37952681019.79843,-54.01,128055,118364,459069
1789,USK,Industrials,Engineering & Construction,82.5,13,11,18,44,18.4,1204017838.5,-52.81,28346,20082,21290
1790,IGCL,Basic Materials,Agricultural Inputs,82.46,13,51,48,4,57.75,4713349169.294327,-51.47,154492,125052,131763
1791,JISLJALEQS,Industrials,Conglomerates,82.41,13,15,10,4,27.95,22276706938.4563,-52.63,4117160,4871414,4163089
1792,VINNY,Consumer Cyclical,Textile Manufacturing,82.39,13,24,22,48,0.89,497813909.9431565,-41.83,277657,285381,291511
1793,RAJMET,Basic Materials,Copper,82.39,13,16,15,35,3.1,928972770.9960938,-43.43,211215,316975,389269
1794,SWSOLAR,Technology,Solar,82.39,13,21,57,33,168.11,48560259720.121765,-42.98,836139,1026135,894537
1795,SHIVAMAUTO,Consumer Cyclical,Auto Parts,82.38,12,21,12,13,16.68,2340749004.4243145,-53.39,62940,86706,60859
1796,CSBBANK,Financial Services,Banks - Regional,82.35,12,17,28,48,306.5,57774908373.8909,-46.64,338828,758120,627386
1797,SUMMITSEC,Financial Services,Capital Markets,82.27,12,17,19,28,1320.4,16231918540.111816,-47.08,2461,2922,3702
1798,WILLAMAGOR,Financial Services,Credit Services,82.24,12,17,18,43,21.63,276867222.2154236,-42.32,4986,3696,3361
1799,FOODSIN,Consumer Defensive,Packaged Foods,82.24,12,25,21,11,50.05,4047912211.7998734,-55.31,83525,88545,92873
1800,NUCLEUS,Technology,Software - Application,82.23,12,24,19,24,628.85,19074000140.946167,-46.19,17916,18083,30365
1801,PATANJALI,Consumer Defensive,Packaged Foods,82.21,12,2,2,18,360.95,370912596312.8815,-43.51,3441779,4539236,4119710
1802,VOLTAS,Consumer Cyclical,"Furnishings, Fixtures & Appliances",82.19,12,16,48,73,1056.8,439183331558.48145,-33.22,823760,744001,829631
1803,STANLEY,Consumer Cyclical,"Furnishings, Fixtures & Appliances",82.18,12,7,11,0,135.0,8788783601.217377,-60.88,149404,93068,106005
1804,ACC,Basic Materials,Building Materials,82.17,12,14,20,11,1165.5,251803945541.34998,-41.34,147278,127258,139942
1805,INTENTECH,Technology,Software - Infrastructure,82.17,12,13,28,65,80.92,2112582057.5720673,-46.02,32531,21279,32961
1806,UPL,Basic Materials,Agricultural Inputs,82.13,12,25,27,42,495.0,509241454317.7602,-39.05,2245668,2188925,2159704
1807,ALLTIME,Consumer Defensive,Household & Personal Products,82.1,12,21,44,37,184.43,14468702606.997803,-44.93,124233,132750,109003
1808,VAKRANGEE,Technology,Information Technology Services,82.06,12,15,10,24,5.19,6293344336.689268,-48.87,916200,1068269,962260
1809,GANESHCP,Consumer Defensive,Packaged Foods,82.04,12,11,14,9,158.87,6944560492.643372,-48.74,200197,186345,201888
1810,MOIL,Basic Materials,Other Industrial Metals & Mining,81.93,12,15,14,46,236.4,54707000219.325165,-41.62,378290,593910,1428146
1811,RACE,Industrials,Waste Management,81.93,12,7,3,7,103.75,1885349100.0,-60.32,131180,81143,53112
1812,ELECTHERM,Basic Materials,Steel,81.87,12,65,84,10,722.95,12847305230.351929,-43.39,24872,22683,23266
1813,RAILTEL,Communication Services,Telecom Services,81.77,12,15,24,47,254.65,91387211393.25,-38.33,1058894,673072,888482
1814,SERVOTECH,Industrials,Electrical Equipment & Parts,81.76,12,14,57,23,71.15,21599815662.15515,-50.59,449365,397486,497459
1815,SKFINDIA,Industrials,Tools & Accessories,81.76,12,12,1,4,1428.9,73405489876.36304,-71.84,47501,50810,84764
1816,PRUDMOULI,Consumer Defensive,Confectioners,81.71,11,27,2,2,13.54,457655866.4665222,-63.41,7707,11247,14059
1817,TOLINS,Consumer Cyclical,Auto Parts,81.46,11,7,8,20,90.08,4057556823.1286163,-55.41,53806,41191,41529
1818,WANBURY,Healthcare,Drug Manufacturers - Specialty & Generic,81.26,11,39,90,74,198.7,11596385982.946838,-44.63,436600,220950,320795
1819,PIIND,Basic Materials,Agricultural Inputs,81.25,11,7,11,29,2210.0,414339807622.87354,-48.96,215584,251733,270606
1820,INDIACEM,Basic Materials,Building Materials,81.25,11,27,45,77,303.05,126128634962.0,-37.62,177892,174714,157044
1821,OMINFRAL,Industrials,Engineering & Construction,81.15,11,24,25,47,72.45,8388061616.952049,-49.69,52680,53364,65032
1822,SAKUMA,Consumer Defensive,Farm Products,81.14,11,12,12,23,1.5,2602412890.071745,-51.61,1112556,1079612,998665
1823,SRTL,Consumer Cyclical,Textile Manufacturing,81.13,11,3,2,3,37.74,1610192951.2023926,-48.56,18820,33588,33273
1824,UNIENTER,Basic Materials,Chemicals,81.11,11,16,22,7,86.72,6834270347.769203,-46.81,4425,4723,5035
1825,MEDIASSIST,Healthcare,Healthcare Plans,81.05,11,12,13,10,300.0,25402360460.21228,-49.5,276462,245710,233774
1826,MIRZAINT,Consumer Cyclical,Footwear & Accessories,80.95,11,37,69,62,27.85,4845358803.791428,-36.7,86130,93395,128738
1827,SULA,Consumer Defensive,Beverages - Wineries & Distilleries,80.95,11,11,4,8,133.41,12649349864.94252,-55.1,174154,336120,476252
1828,TIGERLOGS,n/a,n/a,80.92,11,6,32,16,26.17,2863032991.9338226,-53.84,101283,89380,194026
1829,NBCC,Industrials,Engineering & Construction,80.92,11,15,43,36,76.74,253367990112.3047,-39.02,5103882,4628084,5136516
1830,PAVNAIND,Consumer Cyclical,Auto Parts,80.88,11,7,1,8,15.3,2245037721.2905884,-66.74,32384,91247,93017
1831,TOKYOPLAST,Consumer Cyclical,Packaging & Containers,80.83,11,14,26,43,70.87,772273780.4016113,-49.68,1212,1378,1313
1832,NOVAAGRI,Basic Materials,Agricultural Inputs,80.68,11,2,0,3,22.24,2024545573.7661,-57.22,39702,45692,45230
1833,TTML,Communication Services,Telecom Services,80.64,11,6,15,21,34.01,76985055977.34808,-45.13,11093455,6396936,4427015
1834,SAURASHCEM,Basic Materials,Building Materials,80.61,11,9,5,8,50.6,6194249987.818909,-60.59,109823,86461,287484
1835,NDTV,Communication Services,Broadcasting,80.6,11,20,19,12,66.48,8649143218.396454,-56.41,66218,69558,75754
1836,JAICORPLTD,Basic Materials,Specialty Chemicals,80.59,11,11,33,68,90.9,17608416469.709244,-49.0,329652,283868,327716
1837,TIRUMALCHM,Basic Materials,Specialty Chemicals,80.58,10,8,5,20,147.91,20221522972.976166,-55.02,306347,505038,562573
1838,ATAM,Industrials,Specialty Industrial Machinery,80.56,10,6,19,14,55.26,755182408.5159302,-50.22,7320,16633,18766
1839,FIBERWEB,Consumer Cyclical,Textile Manufacturing,80.53,10,8,10,63,26.36,876131744.0865326,-49.76,14879,15436,25625
1840,PNC,Communication Services,Entertainment,80.5,10,1,12,14,17.49,279936455.51872253,-56.96,9313,18625,16904
1841,VIPCLOTHNG,n/a,n/a,80.45,10,6,18,3,20.02,1855766809.9626732,-51.41,30261,60076,54659
1842,DBREALTY,Real Estate,Real Estate - Development,80.43,10,18,39,7,88.79,61926578910.19356,-52.62,996789,1164904,998797
1843,JISLDVREQS,Industrials,Conglomerates,80.43,10,19,18,20,19.18,15609098644.941519,-45.94,21418,42773,46085
1844,SWANCORP,Industrials,Conglomerates,80.4,10,5,13,12,271.85,97265667899.422,-46.27,727297,2814496,2028843
1845,ZEEL,Communication Services,Broadcasting,80.38,10,19,58,22,70.12,101296377153.8182,-43.52,12526694,19731590,27156434
1846,METROBRAND,Consumer Cyclical,Apparel Retail,80.36,10,31,36,50,825.1,278534528622.3273,-38.44,43553,79140,70409
1847,ZODIAC,,,80.34,10,13,17,19,214.34,,-53.64,12687,11102,15713
1848,DNAMEDIA,Communication Services,Publishing,80.3,10,7,5,11,2.47,328405365.72979546,-57.85,38779,41909,55390
1849,AMBUJACEM,Basic Materials,Building Materials,80.29,10,16,22,17,356.9,1056420011461.7795,-42.88,2030041,1491624,2035962
1850,SYNGENE,Healthcare,Diagnostics & Research,80.24,10,8,11,2,360.3,163677906744.0157,-50.55,319912,537144,992438
1851,V2RETAIL,Consumer Cyclical,Apparel Retail,80.24,10,61,67,68,163.95,79961365891.37192,-36.76,3196313,1655927,1433554
1852,CENTRUM,Financial Services,Financial Conglomerates,80.13,10,30,18,30,20.35,11226846431.195908,-50.88,409782,266813,349342
1853,REGENCERAM,Industrials,Building Products & Equipment,80.13,10,15,30,62,31.66,897427392.5280075,-42.43,33796,13750,19773
1854,SJVN,Utilities,Utilities - Renewable,79.98,10,25,21,50,56.36,265575565122.16986,-44.45,2964871,2385634,2081391
1855,BROOKS,Healthcare,Drug Manufacturers - Specialty & Generic,79.82,10,11,13,1,58.78,1994255599.7036133,-64.14,45424,39055,32260
1856,SUZLON,Industrials,Specialty Industrial Machinery,79.66,10,23,46,65,38.34,718534132295.7069,-42.61,58492517,48094361,48009878
1857,TOUCHWOOD,Communication Services,Advertising Agencies,79.64,9,6,8,15,59.61,745657053.4851837,-53.43,1496,1112,1744
1858,MKPL,Consumer Defensive,Packaged Foods,79.6,9,7,8,19,3.93,1557948445.250229,-55.59,127702,109608,100191
1859,NEXTMEDIA,Communication Services,Broadcasting,79.51,9,8,6,3,3.53,266233775.11588097,-58.37,16055,88126,56523
1860,IRFC,Financial Services,Credit Services,79.39,9,8,9,25,76.15,1145062531613.7236,-44.48,10590440,8272638,8018730
1861,DIGISPICE,Financial Services,Financial Conglomerates,79.34,9,7,31,35,15.28,3615094531.874834,-56.96,66660,88930,84807
1862,ACCURACY,Industrials,Integrated Freight & Logistics,79.26,9,10,21,26,4.17,617295985.6414795,-41.27,67559,58713,56530
1863,TECILCHEM,Financial Services,Shell Companies,79.25,9,2,0,4,9.4,188879149.92341042,-58.9,25518,24577,34033
1864,ZENSARTECH,Technology,Information Technology Services,79.18,9,10,7,14,439.3,114714156662.51175,-49.44,1254186,2717233,1958360
1865,SAFARI,Consumer Cyclical,Footwear & Accessories,79.13,9,19,28,6,1319.2,75399254630.08044,-47.38,31801,36478,39997
1866,VIKASLIFE,Consumer Defensive,Farm Products,79.05,9,10,5,11,1.19,2433545707.3033524,-51.43,2007329,2205919,2173571
1867,VPRPL,Industrials,Engineering & Construction,79.0,9,16,0,0,28.32,4643988375.5401,-82.67,575086,681633,746149
1868,INA,Technology,Solar,78.96,9,21,64,97,82.0,24815986076.47419,-49.32,418552,542535,588293
1869,BBL,Industrials,Electrical Equipment & Parts,78.89,9,14,38,48,2042.0,28477079424.179688,-40.13,20171,18884,26509
1870,REPRO,Industrials,Specialty Business Services,78.89,9,8,23,9,295.7,5335031114.643005,-49.88,81431,40804,36129
1871,SHALBY,Healthcare,Medical Care Facilities,78.87,9,15,38,19,134.62,17500427595.399628,-50.99,95188,104727,90468
1872,TMPV,Consumer Cyclical,Auto Manufacturers,78.84,9,6,9,18,283.0,1192420298714.1953,-61.74,12188389,9582525,9642881
1873,PRAKASHSTL,Basic Materials,Steel,78.81,9,17,11,30,3.43,701751603.9544106,-47.79,68076,114878,109029
1874,CAPACITE,Industrials,Engineering & Construction,78.79,9,16,19,38,181.72,17999510148.25,-45.59,297002,333324,387351
1875,NAVKARURB,Basic Materials,Building Materials,78.71,9,2,13,0,0.86,976218672.4905441,-68.84,614060,723741,651613
1876,SOMICONVEY,Industrials,Specialty Industrial Machinery,78.66,9,15,9,20,83.37,1183228070.394043,-50.79,16451,21537,36389
1877,NARMADA,Basic Materials,Agricultural Inputs,78.65,9,55,86,96,11.35,1324738983.6163788,-74.87,538474,434509,1171805
1878,CRIZAC,Consumer Defensive,Education & Training Services,78.6,8,3,8,23,166.91,32273772727.20337,-56.98,255415,292031,317558
1879,SAMBHAAV,Communication Services,Publishing,78.58,8,19,20,58,5.1,1167687257.91605,-55.77,63424,42983,40067
1880,IXIGO,Consumer Cyclical,Travel Services,78.48,8,12,54,24,158.27,80978320568.02377,-53.33,802137,1219303,1145954
1881,VIKRAN,Industrials,Engineering & Construction,78.44,8,7,25,9,57.85,18422584665.8882,-51.14,5088549,2323711,2061529
1882,INTELLECT,Technology,Software - Application,78.44,8,18,30,8,591.35,102013262947.13623,-52.49,247962,304494,360890
1883,ODIGMA,Communication Services,Advertising Agencies,78.37,8,20,3,26,20.9,707066165.2331352,-62.74,13689,17992,15263
1884,CELEBRITY,Consumer Cyclical,Apparel Manufacturing,78.23,8,10,15,18,6.02,454420353.377676,-57.84,30742,20503,21079
1885,FILATFASH,Consumer Cyclical,Apparel Manufacturing,78.19,8,3,0,1,0.18,1500133150.1099334,-73.53,21145784,20335445,21380932
1886,SAGCEM,Basic Materials,Building Materials,78.13,8,8,22,30,143.91,23205817194.366882,-51.93,35488,50285,47510
1887,FISCHER,Healthcare,Medical Devices,78.12,8,11,6,2,32.63,24832316032.959785,-73.83,496245,832333,1162054
1888,IRCON,Industrials,Engineering & Construction,78.11,8,9,13,44,106.66,118570819054.77737,-43.72,11503954,4830720,3440275
1889,SEMAC,n/a,n/a,78.11,8,29,42,15,236.38,969326960.6530762,-58.38,1258,926,794
1890,SURAJLTD,Basic Materials,Steel,78.09,8,10,14,24,181.7,4063975386.0427856,-50.46,915,1399,1710
1891,HAPPSTMNDS,Technology,Information Technology Services,78.05,8,13,25,9,304.6,55980082422.54785,-52.86,384401,1604833,1828587
1892,BPL,Technology,Consumer Electronics,78.04,8,16,29,10,44.22,2633915828.9951477,-51.56,52141,45781,48577
1893,RAYMONDLSL,Consumer Cyclical,Apparel Manufacturing,78.0,8,3,8,10,624.85,43544594589.02887,-53.71,245805,319166,272308
1894,MHRIL,Consumer Cyclical,Resorts & Casinos,77.97,8,4,7,25,195.07,44136964096.237366,-47.12,67676,118869,108926
1895,JKLAKSHMI,Basic Materials,Building Materials,77.96,8,5,8,13,471.65,71072683885.0,-53.1,155275,136296,206838
1896,DREAMFOLKS,Industrials,Airports & Air Services,77.93,8,8,1,1,60.13,3570678784.833313,-62.42,38188,42929,52110
1897,ORIENTCEM,Basic Materials,Building Materials,77.93,8,14,11,3,113.21,27490531634.413773,-57.73,313898,402956,339329
1898,PRECAM,Consumer Cyclical,Auto Parts,77.9,8,12,20,38,113.85,13169785443.002472,-56.55,272622,175294,153094
1899,ASHAPURMIN,Basic Materials,Other Industrial Metals & Mining,77.89,7,19,74,72,488.0,66586465444.80994,-47.24,303341,303719,437893
1900,TRF,Industrials,Specialty Industrial Machinery,77.88,7,26,20,19,198.02,2563587893.4021606,-51.11,12983,11630,15354
1901,ESSENTIA,Consumer Defensive,Food Distribution,77.72,7,2,7,15,1.0,2352079618.9488993,-54.34,1658642,3124395,3610026
1902,CCCL,Industrials,Engineering & Construction,77.69,7,23,42,67,12.99,7094540133.007562,-55.01,241502,188176,202791
1903,BIKAJI,Consumer Defensive,Packaged Foods,77.66,7,18,37,40,483.55,158139450540.74707,-40.94,783691,394340,279251
1904,GREENPANEL,Basic Materials,Lumber & Wood Production,77.61,7,5,21,26,159.12,23819145878.4124,-52.53,231840,394032,355136
1905,ASHOKA,Industrials,Engineering & Construction,77.53,7,13,12,13,104.03,33931016009.819344,-51.5,512131,4170124,2770251
1906,DCAL,Healthcare,Biotechnology,77.5,7,18,29,3,152.46,28782240867.17842,-52.64,159326,227572,296484
1907,AJOONI,Consumer Defensive,Packaged Foods,77.49,7,10,13,30,3.01,694141736.078145,-49.33,317691,370513,329507
1908,SUNDARAM,Basic Materials,Paper & Paper Products,77.48,7,9,6,11,1.07,606563535.8822482,-55.04,408060,348419,645967
1909,SPENCERS,Consumer Cyclical,Department Stores,77.46,7,5,16,5,27.87,2975797141.1526833,-56.45,40351,37109,43079
1910,SHAKTIPUMP,Industrials,Specialty Industrial Machinery,77.45,7,11,15,4,447.4,68239074645.0,-51.35,381648,850704,640243
1911,BLUECOAST,Consumer Cyclical,Lodging,77.34,7,2,41,13,22.49,441609269.5900173,-68.53,2061,1531,1779
1912,FOCUS,Consumer Cyclical,"Furnishings, Fixtures & Appliances",77.23,7,9,49,44,56.26,3761494772.542095,-43.1,35549,41007,38845
1913,WSI,Industrials,Engineering & Construction,77.22,7,18,14,44,52.1,4729037368.806358,-47.32,30839,46254,58014
1914,ECOSMOBLTY,Industrials,Rental & Leasing Services,77.19,7,3,3,4,108.24,6847799835.205078,-63.26,56534,69442,70023
1915,HUBTOWN,Real Estate,Real Estate - Development,77.16,7,13,18,28,164.52,27706785494.740494,-55.01,496292,418423,514940
1916,HPL,Industrials,Electrical Equipment & Parts,77.16,7,9,21,29,266.3,21444212081.0,-56.16,83010,81676,88065
1917,KITEX,Consumer Cyclical,Apparel Manufacturing,77.12,7,4,17,37,116.93,29334478660.583496,-55.83,323768,395908,458152
1918,KRITI,Industrials,Building Products & Equipment,77.04,7,4,3,12,59.07,3563303664.7338867,-63.49,6408,13102,19271
1919,WEBELSOLAR,Technology,Solar,77.01,6,20,51,37,69.13,43316487944.44206,-56.05,1652052,1843317,2021816
1920,SADBHAV,Industrials,Engineering & Construction,76.96,6,14,8,74,6.92,1355409336.3622665,-61.23,186136,252667,243093
1921,BALAJEE,Consumer Cyclical,Packaging & Containers,76.91,6,7,5,11,23.97,2208122938.7465515,-59.98,31377,26919,27769
1922,KELLTONTEC,Technology,Software - Application,76.89,6,6,11,14,12.15,7487491881.385918,-60.81,1283144,4400018,3219461
1923,INDBANK,Financial Services,Capital Markets,76.84,6,15,33,54,26.11,1473799981.3705444,-44.62,29397,67133,51749
1924,ANUP,Industrials,Specialty Industrial Machinery,76.78,6,29,44,27,1547.0,42458697289.79785,-43.22,28467,25085,38697
1925,AFCONS,Industrials,Engineering & Construction,76.75,6,11,10,19,244.38,105168019724.00848,-49.02,430484,2053262,1723990
1926,INDOUS,Basic Materials,Agricultural Inputs,76.71,6,4,7,16,74.93,1704019027.3132324,-58.85,7590,10768,14311
1927,AWHCL,Industrials,Waste Management,76.7,6,9,23,48,348.7,12296286372.233002,-45.16,70659,319344,252073
1928,CMSINFO,Industrials,Specialty Business Services,76.51,6,2,8,20,218.37,43841368391.550446,-55.52,510126,979840,905215
1929,NEWGEN,Technology,Software - Infrastructure,76.51,6,31,21,0,447.75,71384365424.43854,-57.03,610204,1049989,966171
1930,SYMPHONY,Consumer Cyclical,"Furnishings, Fixtures & Appliances",76.48,6,9,11,18,558.1,46480235413.45215,-51.47,57812,223951,174105
1931,SHANTI,Consumer Defensive,Farm Products,76.46,6,26,10,4,5.46,78519421.90647125,-57.64,22923,36080,39774
1932,TARACHAND,Industrials,Farm & Heavy Construction Machinery,76.44,6,8,11,32,46.26,4334581383.304977,-55.38,54577,48315,104423
1933,GLOBALVECT,Industrials,Airports & Air Services,76.44,6,9,7,49,125.94,2085299957.2753906,-49.22,4855,6781,7482
1934,MAPMYINDIA,Technology,Software - Infrastructure,76.41,6,22,34,0,896.0,61173574320.66016,-55.16,107997,188628,221658
1935,INOXGREEN,Utilities,Utilities - Renewable,76.38,6,47,68,62,135.87,77034276713.73962,-51.3,2024413,1551767,1284965
1936,MTNL,Communication Services,Telecom Services,76.3,6,6,9,16,23.55,17079300384.521484,-51.74,5360975,2299688,1715704
1937,VIKASECO,Basic Materials,Specialty Chemicals,76.13,6,3,3,7,1.02,1541075206.5005922,-56.22,1357353,1755767,1865562
1938,ROUTE,Communication Services,Telecom Services,76.06,6,22,34,3,426.5,35820401502.01941,-54.14,111774,193750,214616
1939,QUICKHEAL,Technology,Software - Application,76.05,6,4,5,1,140.97,8312541711.555786,-62.04,81351,179486,126917
1940,HGM,Technology,Information Technology Services,76.0,5,22,21,38,40.05,588563035.7944794,-51.4,5514,10522,8837
1941,SILVERTUC,Technology,Information Technology Services,75.9,5,1,55,0,135.11,25379753322.60132,-87.91,253476,444124,505249
1942,RVNL,Industrials,Engineering & Construction,75.87,5,5,3,33,195.87,468149560507.80945,-51.12,4798057,4637142,4493199
1943,HLVLTD,Consumer Cyclical,Lodging,75.87,5,5,8,21,6.12,4654374849.216846,-54.5,146556,186318,198366
1944,AGRITECH,Consumer Defensive,Farm Products,75.58,5,13,18,27,87.1,647341219.9401855,-53.47,3796,2948,2960
1945,RTNPOWER,Utilities,Utilities - Independent Power Producers,75.58,5,4,19,56,6.7,46344014186.35985,-50.7,10529007,18948853,16967978
1946,ABREL,Real Estate,Real Estate Services,75.43,5,42,31,19,1049.4,151956067825.4912,-47.99,258166,174218,193428
1947,FINOPB,Financial Services,Banks - Regional,75.43,5,6,25,0,128.76,13902466034.950073,-62.02,123062,187494,269035
1948,RHETAN,Basic Materials,Steel,75.42,5,55,84,81,17.4,22591406553.98369,-47.29,13452908,9946228,13058674
1949,SECURKLOUD,Technology,Software - Application,75.4,5,9,9,74,15.34,583683246.4087582,-55.12,24446,21636,19233
1950,KAMOPAINTS,Basic Materials,Steel,75.4,5,7,2,6,4.07,1496950062.75177,-62.17,192614,210746,235286
1951,CAMLINFINE,Basic Materials,Specialty Chemicals,75.06,5,1,23,0,94.52,23909643304.596832,-66.34,380810,623035,1041781
1952,NIITMTS,Consumer Defensive,Education & Training Services,74.96,5,14,4,42,203.37,31654453641.790222,-54.19,179161,194564,175301
1953,SPCENET,Financial Services,Capital Markets,74.96,5,13,1,2,3.33,1992753354.5856476,-70.37,487507,740020,738812
1954,CEINSYS,Industrials,Engineering & Construction,74.94,5,2,22,82,691.15,18216811697.463318,-44.7,91815,72975,76461
1955,BYKE,Consumer Cyclical,Lodging,74.86,5,5,0,1,30.01,1591381919.9201584,-58.92,27768,33535,33338
1956,DBEIL,Industrials,Engineering & Construction,74.86,5,9,14,0,6.55,3493564500.0,-64.71,367434,391385,289302
1957,BAJAJINDEF,Industrials,Farm & Heavy Construction Machinery,74.84,5,14,2,29,203.96,7368000000.0,-54.67,11936,18711,23294
1958,GOODYEAR,Consumer Cyclical,Auto Parts,74.84,5,6,1,1,685.05,18980274721.802856,-46.22,4144,4413,10603
1959,GUJENERGY,Utilities,Utilities - Regulated Gas,74.75,5,1,3,37,228.48,249053390320.0633,-50.88,1376715,1662402,1804868
1960,EUREKAFORB,Consumer Cyclical,"Furnishings, Fixtures & Appliances",74.69,4,9,26,39,351.75,83623969353.32812,-47.37,238065,173574,180733
1961,BIGBLOC,Industrials,Building Products & Equipment,74.67,4,7,19,20,36.47,6760242062.5,-54.41,40717,38394,43369
1962,ASTRAZEN,Healthcare,Drug Manufacturers - Specialty & Generic,74.57,4,9,41,53,5918.0,200137500000.0,-39.92,11606,7581,12920
1963,ORIENTALTL,Industrials,Building Products & Equipment,74.55,4,3,1,9,4.83,390323572.94388056,-59.72,56490,74945,72263
1964,RTNINDIA,Consumer Cyclical,Internet Retail,74.27,4,5,9,11,25.78,43636048813.16682,-59.72,1654468,1668185,1560555
1965,NETWORK18,Communication Services,Entertainment,74.13,4,3,7,12,25.7,44203238926.74565,-57.8,2216187,4038721,4479087
1966,UGROCAP,Financial Services,Credit Services,73.89,4,3,3,2,81.28,14176693700.318504,-57.78,180028,176206,338202
1967,TATAELXSI,Technology,Software - Application,73.75,4,6,3,14,3082.5,220415846818.0,-50.04,238543,215409,211110
1968,INOXWIND,Industrials,Specialty Industrial Machinery,73.53,4,6,2,10,67.1,133022467269.00531,-58.24,8061674,10914857,11885691
1969,MITTAL,Consumer Cyclical,Textile Manufacturing,73.52,4,16,12,6,0.72,403949716.8917611,-60.44,1291396,1933394,1346615
1970,OSWALGREEN,Financial Services,Asset Management,73.35,4,3,2,21,18.99,5318517468.484192,-59.59,82717,105657,177923
1971,VERTOZ,n/a,n/a,73.33,4,3,0,6,33.06,3256638221.9696045,-61.89,36264,45181,44134
1972,AGARIND,Basic Materials,Specialty Chemicals,73.06,4,9,17,0,388.9,7145335987.890198,-61.34,29844,34313,38423
1973,ACL,Basic Materials,Building Materials,72.82,4,2,8,29,39.41,4337621034.979172,-64.17,15781,14298,14158
1974,CEWATER,Utilities,Utilities - Regulated Water,72.81,4,25,9,3,260.95,6174721241.8697815,-60.22,48990,112335,123872
1975,WEL,Consumer Cyclical,"Furnishings, Fixtures & Appliances",72.73,4,0,19,1,74.96,14371017633.728027,-59.16,239732,6023662,4332073
1976,SUVIDHAA,Technology,Information Technology Services,72.65,4,4,6,15,2.1,531946142.5,-57.75,103643,194816,164122
1977,RPOWER,Utilities,Utilities - Independent Power Producers,72.62,4,4,2,8,20.32,99506647233.22002,-64.19,23622524,19442462,20204649
1978,AGROPHOS,Basic Materials,Agricultural Inputs,72.51,4,4,20,39,23.38,588760318.1615067,-50.88,17894,28418,25532
1979,ASALCBR,Consumer Defensive,Beverages - Wineries & Distilleries,72.46,4,12,17,42,590.1,16494059085.107422,-53.79,40928,31464,31550
1980,VIRINCHI,Technology,Software - Application,72.43,4,4,3,8,12.97,1750345457.0638847,-60.32,46519,63127,59705
1981,FIRSTCRY,Consumer Cyclical,Internet Retail,72.29,3,1,5,14,172.2,101100335964.09892,-60.75,9058020,6799169,4448352
1982,KALAMANDIR,Consumer Cyclical,Apparel Retail,72.28,3,3,9,8,77.01,13030157626.777641,-65.47,437355,396972,405620
1983,ABLBL,Consumer Cyclical,Apparel Retail,71.94,3,5,12,19,73.69,114188138460.6071,-51.31,5163358,2127257,1688250
1984,LATENTVIEW,Industrials,Consulting Services,71.67,3,5,14,5,230.08,61260137803.0603,-55.54,417683,516764,552035
1985,ASMS,Technology,Information Technology Services,71.55,3,7,2,3,5.95,2034572570.9159374,-64.37,275831,214817,196384
1986,HINDWAREAP,Consumer Cyclical,"Furnishings, Fixtures & Appliances",71.36,3,2,46,25,170.19,17724662537.763153,-56.66,108468,94717,137446
1987,PGHH,Consumer Defensive,Household & Personal Products,71.31,3,4,8,15,6921.0,291318875232.0,-52.4,21574,18535,18989
1988,PRITI,Consumer Cyclical,"Furnishings, Fixtures & Appliances",71.3,3,4,1,6,32.2,447603594.1926689,-62.12,9149,7440,7095
1989,AWFIS,Industrials,Rental & Leasing Services,71.27,3,2,1,2,250.75,19454452550.887024,-60.78,530555,1288768,874354
1990,VIKRAMSOLR,Technology,Solar,71.06,3,3,6,10,148.94,66238381952.61781,-63.49,1603268,1612270,3806078
1991,GSS,Technology,Information Technology Services,71.0,3,3,1,4,10.22,312520859.8699236,-69.91,30340,54918,52090
1992,ESSARSHPNG,Industrials,Marine Shipping,70.88,3,1,12,67,16.66,4193030905.2803307,-61.49,1048041,466289,427303
1993,ABFRL,Consumer Cyclical,Apparel Manufacturing,70.88,3,5,17,7,44.62,68443719806.25,-53.01,5377817,4628378,5950021
1994,SHAH,Basic Materials,Steel,70.74,3,6,55,88,3.01,4336675262.791782,-48.81,874519,5704846,6822018
1995,VLEGOV,n/a,n/a,70.65,3,0,0,1,9.37,1135485443.5896292,-75.91,96670,95842,76384
1996,VEDL,Basic Materials,Other Industrial Metals & Mining,70.64,3,1,0,96,261.4,1033405754540.7816,-67.12,7743161,7994985,10201052
1997,ZAGGLE,Technology,Software - Infrastructure,70.49,3,2,3,10,172.22,26939390449.679657,-58.76,717769,932179,2961234
1998,HARDWYN,Industrials,Building Products & Equipment,70.38,3,2,71,98,9.17,7727026585.221756,-67.57,894874,1167574,1693513
1999,DIGITIDE,Industrials,Specialty Business Services,70.18,3,28,13,0,75.7,15092996066.560028,-70.08,299824,245005,295153
2000,TRU,Financial Services,Credit Services,70.11,3,0,1,3,4.25,580045944.0826616,-74.24,45108,92359,119930
2001,PENINLAND,Real Estate,Real Estate - Development,70.1,2,12,4,5,14.66,5364045342.708855,-61.4,139688,163095,126640
2002,EPACK,Consumer Cyclical,"Furnishings, Fixtures & Appliances",70.1,2,3,23,10,171.84,22572314554.688416,-58.58,234754,325741,361164
2003,HIMATSEIDE,Consumer Cyclical,Textile Manufacturing,70.05,2,5,16,10,63.22,10124768688.171486,-59.85,693012,556046,541620
2004,RPPINFRA,Industrials,Engineering & Construction,69.93,2,1,2,4,51.43,3049533957.0,-69.73,37490,142106,224265
2005,GRMOVER,Consumer Defensive,Packaged Foods,69.93,2,5,1,85,81.19,18718651538.68744,-56.22,1030535,1050259,1191641
2006,MADHUCON,Industrials,Engineering & Construction,69.87,2,20,48,12,3.93,296655657.3924732,-53.44,35298,32921,25603
2007,AURIONPRO,Technology,Software - Application,69.79,2,4,15,6,612.8,45576009012.493286,-59.34,152177,170649,178403
2008,AHLUCONT,Industrials,Engineering & Construction,69.76,2,3,39,42,561.5,55445604229.71924,-47.91,73585,85509,82714
2009,OSWALAGRO,Real Estate,Real Estate - Development,69.66,2,3,2,9,32.74,5216385313.090706,-64.94,46205,39116,46107
2010,JSLL,Healthcare,Medical Care Facilities,69.45,2,8,26,32,417.2,68962043486.6571,-50.89,934458,607544,635992
2011,ADVENTHTL,Consumer Cyclical,Lodging,69.44,2,3,2,1,121.77,7676612117.273499,-64.71,126761,135135,149624
2012,ABCOTS,Consumer Cyclical,Textile Manufacturing,69.38,2,4,0,46,192.07,4401070282.844238,-61.89,4851,13415,14774
2013,REPL,Industrials,Consulting Services,69.22,2,1,0,1,55.3,1073758125.0,-67.08,2839,4030,4020
2014,DAVANGERE,Consumer Defensive,Confectioners,69.15,2,0,33,35,2.36,4890568638.25964,-57.09,10442130,22102115,17817812
2015,KPITTECH,Technology,Software - Infrastructure,69.07,2,1,0,1,484.25,158762917443.88617,-63.54,1406183,1566977,1966375
2016,NACLIND,Basic Materials,Agricultural Inputs,68.97,2,47,77,26,132.6,46099088058.85391,-60.94,423057,455463,514243
2017,POLICYBZR,Financial Services,Insurance Brokers,68.88,2,62,42,54,1040.0,710250942913.7554,-47.32,14691068,5771416,3972742
2018,MINDTECK,Technology,Information Technology Services,68.76,2,10,35,53,140.12,6232351049.303604,-54.46,32708,28076,33552
2019,DEVIT,Technology,Information Technology Services,68.56,2,6,11,12,19.96,1469402006.7791595,-60.78,58753,39972,41727
2020,SEPC,Industrials,Engineering & Construction,68.44,2,1,2,3,5.03,11692535925.202677,-63.36,7447518,12860967,13875987
2021,EUROPRATIK,Basic Materials,Building Materials,68.32,2,39,78,62,179.12,30828629376.220703,-54.07,215537,207661,203502
2022,SUPREMEINF,Industrials,Engineering & Construction,68.06,1,55,31,6,54.67,8046902663.778076,-57.26,114107,76090,101584
2023,HGINFRA,Industrials,Engineering & Construction,67.9,1,4,6,5,416.15,34987109349.25842,-60.94,1505184,538983,448561
2024,KPEL,Industrials,Engineering & Construction,67.31,1,2,20,41,212.89,20529263549.586487,-60.6,262226,301022,357438
2025,KEC,Industrials,Engineering & Construction,66.47,1,1,7,12,362.5,125087378375.24414,-61.35,695279,954188,1029824
2026,TRIVENI,Consumer Defensive,Confectioners,66.0,1,4,85,78,245.13,51851418337.294556,-49.98,626459,724082,993103
2027,ELIN,Industrials,Electrical Equipment & Parts,65.85,1,5,3,7,77.07,5027093282.06955,-67.06,147143,187779,205772
2028,DISHTV,Communication Services,Entertainment,65.63,1,4,2,23,2.14,5173929687.382478,-64.27,2313964,1811303,1382121
2029,ORCHASP,Technology,Software - Application,65.47,1,0,4,2,1.33,547352093.1469638,-68.03,184144,301025,344666
2030,TCC,,,65.41,1,0,13,17,46.1,,-91.24,791023,5522045,3417206
2031,HILTON,Industrials,Metal Fabrication,65.38,1,5,2,0,16.58,1023669667.9773102,-70.73,89476,103865,93277
2032,KRIDHANINF,Basic Materials,Steel,64.84,1,0,16,2,1.86,198162618.8996613,-61.09,41220,46488,49119
2033,RAMKY,Industrials,Engineering & Construction,64.32,1,2,5,59,281.7,25679300662.4498,-60.04,71330,48775,44976
2034,BHARATRAS,Basic Materials,Agricultural Inputs,62.44,1,2,2,1,985.2,20960833493.41211,-67.16,22344,17898,15814
2035,GANGAFORGE,Industrials,Metal Fabrication,62.36,1,0,0,11,1.58,390310610.6080606,-61.93,2149041,3765077,6186003
2036,OSWALPUMPS,Industrials,Electrical Equipment & Parts,61.79,1,1,12,8,264.6,40944858061.71933,-70.22,267372,423906,535883
2037,ALOKINDS,Consumer Cyclical,Textile Manufacturing,61.73,1,0,11,21,8.29,59930450124.79888,-58.82,20517662,33919439,21363086
2038,SALASAR,Basic Materials,Steel,61.51,1,1,8,26,4.17,10435262864.565434,-62.06,7139813,6870688,5601158
2039,PNCINFRA,Industrials,Engineering & Construction,61.32,1,8,58,23,136.93,61110196217.01988,-57.87,951932,1690670,1323286
2040,DHRUV,Industrials,Engineering & Construction,61.01,1,1,0,2,19.47,458801314.23924065,-71.76,7616,6723,6674
2041,RMC,Industrials,Electrical Equipment & Parts,60.36,1,1,4,90,196.41,2835124513.3880615,-62.94,47544,54184,87231
2042,SOLARWORLD,Technology,Solar,60.21,1,1,13,2,131.25,17501808387.410522,-66.22,222258,263829,331625
2043,SOLEX,Technology,Solar,60.13,0,0,8,85,670.15,10132734682.0,-66.24,52110,78528,64110
2044,TERASOFT,Technology,Information Technology Services,59.47,0,2,66,69,226.04,4925925340.232849,-62.2,43030,30831,31342
2045,BCONCEPTS,Consumer Cyclical,Footwear & Accessories,59.44,0,7,4,19,143.73,2328244501.5733337,-67.99,11801,11974,12644
2046,AVROIND,Consumer Cyclical,"Furnishings, Fixtures & Appliances",58.24,0,3,3,43,6.13,1183391707.0541382,-63.34,230496,369996,454803
2047,MEDICO,Healthcare,Drug Manufacturers - Specialty & Generic,56.74,0,39,32,28,22.37,3152562299.2858887,-60.67,1180406,679775,618494
2048,GSLSU,Basic Materials,Building Materials,56.05,0,0,0,1,28.88,1187114731.8804283,-79.32,56289,105589,107211
2049,PRAXIS,Consumer Cyclical,Specialty Retail,56.0,0,0,7,5,4.51,1218928086.96774,-68.77,71302,120077,155687
2050,TAKE,Healthcare,Health Information Services,55.78,0,1,46,99,12.12,3040017551.232971,-75.83,352295,317576,604983
2051,TARAPUR,Industrials,Specialty Industrial Machinery,54.8,0,0,1,36,11.52,354120196.78453445,-71.19,19752,27771,43771
2052,SUPREME,Real Estate,Real Estate - Development,54.65,0,1,3,8,29.98,1756591999.5024033,-69.36,22890,33680,34323
2053,LEXUS,Industrials,Building Products & Equipment,53.39,0,0,0,4,9.48,305485656.430645,-75.85,54162,40713,31449
2054,LEMERITE,Consumer Cyclical,Textile Manufacturing,50.41,0,0,0,78,19.26,2565944000.0,-82.1,318645,251183,290886
2055,ATALREAL,Industrials,Engineering & Construction,49.51,0,20,81,84,12.12,3895298166.167736,-62.94,4107346,9373045,10310393
2056,WAAREEINDO,Technology,Solar,48.12,0,1,28,88,207.15,14671541377.221222,-71.43,127564,122981,115204
2057,HEGAM,,,46.91,0,0,60,88,246.99,,-0.77,1559075,1709602,1688125
2058,SRGHFL,Financial Services,Mortgage Finance,46.34,0,26,66,45,126.61,4861498486.0,-62.21,12602,33268,21878
2059,DUCON,Industrials,Specialty Industrial Machinery,45.15,0,0,7,10,1.49,978026013.7712681,-76.9,2862411,3226404,2342720
2060,INDIAGLYCO,Basic Materials,Chemicals,41.64,0,0,78,77,382.7,77603591789.79126,-68.68,1919842,881084,650012
2061,SUMEETINDS,Consumer Cyclical,Textile Manufacturing,40.98,0,0,75,80,12.0,17580916794.22253,-70.37,893976,1216959,3715361
2062,AQYLON,Communication Services,Broadcasting,27.09,0,0,0,0,15.79,6660427200.0,-99.08,589737,2356098,3283820
2063,INDOTHAI,Financial Services,Capital Markets,17.32,0,0,16,89,40.71,27820114889.511566,-91.27,1199456,3390623,2382749
